Roll = 0.994128, Pitch = 0.321267, Yaw = 172.239322
Roll = 0.992832, Pitch = 0.325399, Yaw = 172.239337
Roll = 0.992832, Pitch = 0.325399, Yaw = 172.239337
Roll = 0.994342, Pitch = 0.330712, Yaw = 172.238086
Roll = 0.994342, Pitch = 0.330712, Yaw = 172.238086
Roll = 0.999411, Pitch = 0.331832, Yaw = 172.234225
Roll = 0.999411, Pitch = 0.331832, Yaw = 172.234225
Roll = 0.998698, Pitch = 0.333084, Yaw = 172.233554
Roll = 0.998698, Pitch = 0.333084, Yaw = 172.233554
Roll = 0.999764, Pitch = 0.327497, Yaw = 172.233203
Roll = 0.999764, Pitch = 0.327497, Yaw = 172.233203
Roll = 1.001574, Pitch = 0.322794, Yaw = 172.232333
Roll = 1.001574, Pitch = 0.322794, Yaw = 172.232333
Roll = 1.002846, Pitch = 0.319682, Yaw = 172.231052
Roll = 1.002846, Pitch = 0.319682, Yaw = 172.231052
Roll = 0.998645, Pitch = 0.319544, Yaw = 172.232562
Roll = 0.998645, Pitch = 0.319544, Yaw = 172.232562
Roll = 0.998183, Pitch = 0.319285, Yaw = 172.233386
Roll = 0.998183, Pitch = 0.319285, Yaw = 172.233386
Roll = 0.995687, Pitch = 0.325610, Yaw = 172.234729
Roll = 0.995687, Pitch = 0.325610, Yaw = 172.234729
Roll = 0.992766, Pitch = 0.327016, Yaw = 172.235034
Roll = 0.992766, Pitch = 0.327016, Yaw = 172.235034
Roll = 0.993391, Pitch = 0.324524, Yaw = 172.235248
Roll = 0.993391, Pitch = 0.324524, Yaw = 172.235248
Roll = 0.999030, Pitch = 0.322338, Yaw = 172.231830
Roll = 0.999030, Pitch = 0.322338, Yaw = 172.231830
Roll = 0.995531, Pitch = 0.327342, Yaw = 172.233127
Roll = 0.995531, Pitch = 0.327342, Yaw = 172.233127
Roll = 0.995535, Pitch = 0.327181, Yaw = 172.232577
Roll = 0.995535, Pitch = 0.327181, Yaw = 172.232577
Roll = 0.997031, Pitch = 0.331487, Yaw = 172.231433
Roll = 0.997031, Pitch = 0.331487, Yaw = 172.231433
Roll = 0.997440, Pitch = 0.329079, Yaw = 172.230777
Roll = 0.997440, Pitch = 0.329079, Yaw = 172.230777
Roll = 1.000188, Pitch = 0.324343, Yaw = 172.229846
Roll = 1.000188, Pitch = 0.324343, Yaw = 172.229846
Roll = 1.004745, Pitch = 0.324398, Yaw = 172.226611
Roll = 1.004745, Pitch = 0.324398, Yaw = 172.226611
Roll = 1.007895, Pitch = 0.324769, Yaw = 172.224643
Roll = 1.007895, Pitch = 0.324769, Yaw = 172.224643
Roll = 1.009354, Pitch = 0.324217, Yaw = 172.222903
Roll = 1.009354, Pitch = 0.324217, Yaw = 172.222903
Roll = 1.008886, Pitch = 0.328934, Yaw = 172.223117
Roll = 1.008886, Pitch = 0.328934, Yaw = 172.223117
Roll = 1.010145, Pitch = 0.325009, Yaw = 172.223361
Roll = 1.010145, Pitch = 0.325009, Yaw = 172.223361
Roll = 1.004218, Pitch = 0.323850, Yaw = 172.234134
Roll = 1.004218, Pitch = 0.323850, Yaw = 172.234134
Roll = 1.002575, Pitch = 0.319626, Yaw = 172.259341
Roll = 1.002575, Pitch = 0.319626, Yaw = 172.259341
Roll = 1.006360, Pitch = 0.318125, Yaw = 172.282962
Roll = 1.006360, Pitch = 0.318125, Yaw = 172.282962
Roll = 1.010622, Pitch = 0.312512, Yaw = 172.283664
Roll = 1.010622, Pitch = 0.312512, Yaw = 172.283664
Roll = 1.011419, Pitch = 0.307261, Yaw = 172.292178
Roll = 1.011419, Pitch = 0.307261, Yaw = 172.292178
Roll = 1.012651, Pitch = 0.302175, Yaw = 172.299594
Roll = 1.012651, Pitch = 0.302175, Yaw = 172.299594
Roll = 1.014203, Pitch = 0.295728, Yaw = 172.307895
Roll = 1.014203, Pitch = 0.295728, Yaw = 172.307895
Roll = 1.019606, Pitch = 0.286406, Yaw = 172.302981
Roll = 1.019606, Pitch = 0.286406, Yaw = 172.302981
Roll = 1.019501, Pitch = 0.284064, Yaw = 172.273074
Roll = 1.019501, Pitch = 0.284064, Yaw = 172.273074
Roll = 1.022672, Pitch = 0.280426, Yaw = 172.233050
Roll = 1.022672, Pitch = 0.280426, Yaw = 172.233050
Roll = 1.022485, Pitch = 0.276754, Yaw = 172.198566
Roll = 1.022485, Pitch = 0.276754, Yaw = 172.198566
Roll = 1.017707, Pitch = 0.276833, Yaw = 172.189120
Roll = 1.017707, Pitch = 0.276833, Yaw = 172.189120
Roll = 1.012673, Pitch = 0.280344, Yaw = 172.188449
Roll = 1.012673, Pitch = 0.280344, Yaw = 172.188449
Roll = 1.006865, Pitch = 0.280526, Yaw = 172.191440
Roll = 1.006865, Pitch = 0.280526, Yaw = 172.191440
Roll = 1.006229, Pitch = 0.275528, Yaw = 172.192126
Roll = 1.006229, Pitch = 0.275528, Yaw = 172.192126
Roll = 1.004891, Pitch = 0.267964, Yaw = 172.193622
Roll = 1.004891, Pitch = 0.267964, Yaw = 172.193622
Roll = 1.004543, Pitch = 0.273402, Yaw = 172.194659
Roll = 1.004543, Pitch = 0.273402, Yaw = 172.194659
Roll = 1.000765, Pitch = 0.274428, Yaw = 172.196826
Roll = 1.000765, Pitch = 0.274428, Yaw = 172.196826
Roll = 0.995074, Pitch = 0.272380, Yaw = 172.198688
Roll = 0.995074, Pitch = 0.272380, Yaw = 172.198688
Roll = 1.000804, Pitch = 0.270874, Yaw = 172.193133
Roll = 1.000804, Pitch = 0.270874, Yaw = 172.193133
Roll = 1.000649, Pitch = 0.270310, Yaw = 172.189502
Roll = 1.000649, Pitch = 0.270310, Yaw = 172.189502
Roll = 0.997683, Pitch = 0.269816, Yaw = 172.188479
Roll = 0.997683, Pitch = 0.269816, Yaw = 172.188479
Roll = 0.999112, Pitch = 0.265866, Yaw = 172.186801
Roll = 0.999112, Pitch = 0.265866, Yaw = 172.186801
Roll = 0.998851, Pitch = 0.260890, Yaw = 172.186557
Roll = 0.998851, Pitch = 0.260890, Yaw = 172.186557
Roll = 0.997823, Pitch = 0.257251, Yaw = 172.186832
Roll = 0.997823, Pitch = 0.257251, Yaw = 172.186832
Roll = 0.996043, Pitch = 0.255744, Yaw = 172.187823
Roll = 0.996043, Pitch = 0.255744, Yaw = 172.187823
Roll = 0.991607, Pitch = 0.252936, Yaw = 172.190127
Roll = 0.991607, Pitch = 0.252936, Yaw = 172.190127
Roll = 0.988584, Pitch = 0.246920, Yaw = 172.191684
Roll = 0.988584, Pitch = 0.246920, Yaw = 172.191684
Roll = 0.982304, Pitch = 0.243769, Yaw = 172.194949
Roll = 0.982304, Pitch = 0.243769, Yaw = 172.194949
Roll = 0.986552, Pitch = 0.248144, Yaw = 172.191684
Roll = 0.986552, Pitch = 0.248144, Yaw = 172.191684
Roll = 0.990959, Pitch = 0.247231, Yaw = 172.188373
Roll = 0.990959, Pitch = 0.247231, Yaw = 172.188373
Roll = 0.994393, Pitch = 0.240779, Yaw = 172.186755
Roll = 0.994393, Pitch = 0.240779, Yaw = 172.186755
Roll = 0.994180, Pitch = 0.238376, Yaw = 172.186969
Roll = 0.994180, Pitch = 0.238376, Yaw = 172.186969
Roll = 0.993024, Pitch = 0.236876, Yaw = 172.188144
Roll = 0.993024, Pitch = 0.236876, Yaw = 172.188144
Roll = 0.988402, Pitch = 0.238800, Yaw = 172.190295
Roll = 0.988402, Pitch = 0.238800, Yaw = 172.190295
Roll = 0.986845, Pitch = 0.233620, Yaw = 172.191745
Roll = 0.986845, Pitch = 0.233620, Yaw = 172.191745
Roll = 0.983921, Pitch = 0.231223, Yaw = 172.193988
Roll = 0.983921, Pitch = 0.231223, Yaw = 172.193988
Roll = 0.980423, Pitch = 0.237752, Yaw = 172.195529
Roll = 0.980423, Pitch = 0.237752, Yaw = 172.195529
Roll = 0.980541, Pitch = 0.239454, Yaw = 172.194736
Roll = 0.980541, Pitch = 0.239454, Yaw = 172.194736
Roll = 0.980615, Pitch = 0.241258, Yaw = 172.194614
Roll = 0.980615, Pitch = 0.241258, Yaw = 172.194614
Roll = 0.979838, Pitch = 0.243050, Yaw = 172.194995
Roll = 0.979838, Pitch = 0.243050, Yaw = 172.194995
Roll = 0.978832, Pitch = 0.242513, Yaw = 172.196277
Roll = 0.978832, Pitch = 0.242513, Yaw = 172.196277
Roll = 0.980761, Pitch = 0.243091, Yaw = 172.194736
Roll = 0.980761, Pitch = 0.243091, Yaw = 172.194736
Roll = 0.981223, Pitch = 0.235699, Yaw = 172.196246
Roll = 0.981223, Pitch = 0.235699, Yaw = 172.196246
Roll = 0.985131, Pitch = 0.233334, Yaw = 172.194568
Roll = 0.985131, Pitch = 0.233334, Yaw = 172.194568
Roll = 0.988162, Pitch = 0.229806, Yaw = 172.192859
Roll = 0.988162, Pitch = 0.229806, Yaw = 172.192859
Roll = 0.986439, Pitch = 0.233648, Yaw = 172.192859
Roll = 0.986439, Pitch = 0.233648, Yaw = 172.192859
Roll = 0.991739, Pitch = 0.233860, Yaw = 172.188815
Roll = 0.991739, Pitch = 0.233860, Yaw = 172.188815
Roll = 0.994495, Pitch = 0.229970, Yaw = 172.186908
Roll = 0.994495, Pitch = 0.229970, Yaw = 172.186908
Roll = 0.990564, Pitch = 0.226269, Yaw = 172.189822
Roll = 0.990564, Pitch = 0.226269, Yaw = 172.189822
Roll = 0.986651, Pitch = 0.223269, Yaw = 172.192203
Roll = 0.986651, Pitch = 0.223269, Yaw = 172.192203
Roll = 0.981829, Pitch = 0.220326, Yaw = 172.194827
Roll = 0.981829, Pitch = 0.220326, Yaw = 172.194827
Roll = 0.985756, Pitch = 0.224365, Yaw = 172.191424
Roll = 0.985756, Pitch = 0.224365, Yaw = 172.191424
Roll = 0.989422, Pitch = 0.222390, Yaw = 172.188525
Roll = 0.989422, Pitch = 0.222390, Yaw = 172.188525
Roll = 0.990062, Pitch = 0.219319, Yaw = 172.188098
Roll = 0.990062, Pitch = 0.219319, Yaw = 172.188098
Roll = 0.989364, Pitch = 0.217712, Yaw = 172.188479
Roll = 0.989364, Pitch = 0.217712, Yaw = 172.188479
Roll = 0.988718, Pitch = 0.213615, Yaw = 172.189319
Roll = 0.988718, Pitch = 0.213615, Yaw = 172.189319
Roll = 0.988850, Pitch = 0.209863, Yaw = 172.188998
Roll = 0.988850, Pitch = 0.209863, Yaw = 172.188998
Roll = 0.989113, Pitch = 0.204378, Yaw = 172.188754
Roll = 0.989113, Pitch = 0.204378, Yaw = 172.188754
Roll = 0.984995, Pitch = 0.207985, Yaw = 172.191501
Roll = 0.984995, Pitch = 0.207985, Yaw = 172.191501
Roll = 0.980715, Pitch = 0.204395, Yaw = 172.194339
Roll = 0.980715, Pitch = 0.204395, Yaw = 172.194339
Roll = 0.977214, Pitch = 0.200413, Yaw = 172.196399
Roll = 0.977214, Pitch = 0.200413, Yaw = 172.196399
Roll = 0.976154, Pitch = 0.197123, Yaw = 172.197375
Roll = 0.976154, Pitch = 0.197123, Yaw = 172.197375
Roll = 0.978562, Pitch = 0.192367, Yaw = 172.196597
Roll = 0.978562, Pitch = 0.192367, Yaw = 172.196597
Roll = 0.977961, Pitch = 0.187149, Yaw = 172.198169
Roll = 0.977961, Pitch = 0.187149, Yaw = 172.198169
Roll = 0.977449, Pitch = 0.187687, Yaw = 172.198215
Roll = 0.977449, Pitch = 0.187687, Yaw = 172.198215
Roll = 0.978004, Pitch = 0.190771, Yaw = 172.198550
Roll = 0.978004, Pitch = 0.190771, Yaw = 172.198550
Roll = 0.980329, Pitch = 0.184121, Yaw = 172.197665
Roll = 0.980329, Pitch = 0.184121, Yaw = 172.197665
Roll = 0.982066, Pitch = 0.179071, Yaw = 172.196658
Roll = 0.982066, Pitch = 0.179071, Yaw = 172.196658
Roll = 0.983473, Pitch = 0.173666, Yaw = 172.195666
Roll = 0.983473, Pitch = 0.173666, Yaw = 172.195666
Roll = 0.987969, Pitch = 0.169200, Yaw = 172.193347
Roll = 0.987969, Pitch = 0.169200, Yaw = 172.193347
Roll = 0.981404, Pitch = 0.172622, Yaw = 172.195834
Roll = 0.981404, Pitch = 0.172622, Yaw = 172.195834
Roll = 0.975686, Pitch = 0.176173, Yaw = 172.198199
Roll = 0.975686, Pitch = 0.176173, Yaw = 172.198199
Roll = 0.973898, Pitch = 0.172074, Yaw = 172.199100
Roll = 0.973898, Pitch = 0.172074, Yaw = 172.199100
Roll = 0.975006, Pitch = 0.173272, Yaw = 172.197650
Roll = 0.975006, Pitch = 0.173272, Yaw = 172.197650
Roll = 0.978009, Pitch = 0.177823, Yaw = 172.195605
Roll = 0.978009, Pitch = 0.177823, Yaw = 172.195605
Roll = 0.981149, Pitch = 0.181306, Yaw = 172.192950
Roll = 0.981149, Pitch = 0.181306, Yaw = 172.192950
Roll = 0.985454, Pitch = 0.175986, Yaw = 172.190570
Roll = 0.985454, Pitch = 0.175986, Yaw = 172.190570
Roll = 0.984534, Pitch = 0.171066, Yaw = 172.191501
Roll = 0.984534, Pitch = 0.171066, Yaw = 172.191501
Roll = 0.981477, Pitch = 0.166966, Yaw = 172.193454
Roll = 0.981477, Pitch = 0.166966, Yaw = 172.193454
Roll = 0.980401, Pitch = 0.162525, Yaw = 172.194232
Roll = 0.980401, Pitch = 0.162525, Yaw = 172.194232
Roll = 0.978911, Pitch = 0.157937, Yaw = 172.194995
Roll = 0.978911, Pitch = 0.157937, Yaw = 172.194995
Roll = 0.976991, Pitch = 0.152570, Yaw = 172.196963
Roll = 0.976991, Pitch = 0.152570, Yaw = 172.196963
Roll = 0.982495, Pitch = 0.152888, Yaw = 172.193439
Roll = 0.982495, Pitch = 0.152888, Yaw = 172.193439
Roll = 0.986843, Pitch = 0.150629, Yaw = 172.190799
Roll = 0.986843, Pitch = 0.150629, Yaw = 172.190799
Roll = 0.987747, Pitch = 0.146382, Yaw = 172.190555
Roll = 0.987747, Pitch = 0.146382, Yaw = 172.190555
Roll = 0.993577, Pitch = 0.145797, Yaw = 172.186297
Roll = 0.993577, Pitch = 0.145797, Yaw = 172.186297
Roll = 0.998681, Pitch = 0.144084, Yaw = 172.183047
Roll = 0.998681, Pitch = 0.144084, Yaw = 172.183047
Roll = 1.002306, Pitch = 0.141530, Yaw = 172.180759
Roll = 1.002306, Pitch = 0.141530, Yaw = 172.180759
Roll = 1.001116, Pitch = 0.136002, Yaw = 172.174945
Roll = 1.001116, Pitch = 0.136002, Yaw = 172.174945
Roll = 1.000331, Pitch = 0.133275, Yaw = 172.155322
Roll = 1.000331, Pitch = 0.133275, Yaw = 172.155322
Roll = 1.000588, Pitch = 0.124938, Yaw = 172.205447
Roll = 1.000588, Pitch = 0.124938, Yaw = 172.205447
Roll = 1.003651, Pitch = 0.115205, Yaw = 172.172565
Roll = 1.003651, Pitch = 0.115205, Yaw = 172.172565
Roll = 0.996065, Pitch = 0.113422, Yaw = 171.938403
Roll = 0.996065, Pitch = 0.113422, Yaw = 171.938403
Roll = 0.991937, Pitch = 0.104882, Yaw = 171.601489
Roll = 0.991937, Pitch = 0.104882, Yaw = 171.601489
Roll = 0.987335, Pitch = 0.105141, Yaw = 171.330997
Roll = 0.987335, Pitch = 0.105141, Yaw = 171.330997
Roll = 0.983792, Pitch = -0.028860, Yaw = 171.034091
Roll = 0.983792, Pitch = -0.028860, Yaw = 171.034091
Roll = 0.975858, Pitch = -0.456817, Yaw = 170.695239
Roll = 0.975858, Pitch = -0.456817, Yaw = 170.695239
Roll = 0.988367, Pitch = -0.996440, Yaw = 170.286273
Roll = 0.988367, Pitch = -0.996440, Yaw = 170.286273
Roll = 0.913487, Pitch = -1.546742, Yaw = 169.848559
Roll = 0.913487, Pitch = -1.546742, Yaw = 169.848559
Roll = 0.763041, Pitch = -2.157726, Yaw = 169.479724
Roll = 0.763041, Pitch = -2.157726, Yaw = 169.479724
Roll = 0.462378, Pitch = -2.890284, Yaw = 169.195132
Roll = 0.462378, Pitch = -2.890284, Yaw = 169.195132
Roll = 0.031565, Pitch = -3.768686, Yaw = 168.922320
Roll = 0.031565, Pitch = -3.768686, Yaw = 168.922320
Roll = -0.423536, Pitch = -4.603574, Yaw = 168.610171
Roll = -0.423536, Pitch = -4.603574, Yaw = 168.610171
Roll = -0.769528, Pitch = -5.341669, Yaw = 168.319003
Roll = -0.769528, Pitch = -5.341669, Yaw = 168.319003
Roll = -1.089063, Pitch = -6.001101, Yaw = 168.105700
Roll = -1.089063, Pitch = -6.001101, Yaw = 168.105700
Roll = -1.383058, Pitch = -6.581766, Yaw = 167.967990
Roll = -1.383058, Pitch = -6.581766, Yaw = 167.967990
Roll = -1.644992, Pitch = -7.074335, Yaw = 167.938861
Roll = -1.644992, Pitch = -7.074335, Yaw = 167.938861
Roll = -1.805959, Pitch = -7.505818, Yaw = 167.996219
Roll = -1.805959, Pitch = -7.505818, Yaw = 167.996219
Roll = -1.903519, Pitch = -7.948072, Yaw = 168.112399
Roll = -1.903519, Pitch = -7.948072, Yaw = 168.112399
Roll = -1.970152, Pitch = -8.440825, Yaw = 168.274905
Roll = -1.970152, Pitch = -8.440825, Yaw = 168.274905
Roll = -2.022439, Pitch = -8.989074, Yaw = 168.469745
Roll = -2.022439, Pitch = -8.989074, Yaw = 168.469745
Roll = -2.075411, Pitch = -9.591849, Yaw = 168.684176
Roll = -2.075411, Pitch = -9.591849, Yaw = 168.684176
Roll = -2.127680, Pitch = -10.248756, Yaw = 168.891147
Roll = -2.127680, Pitch = -10.248756, Yaw = 168.891147
Roll = -2.215004, Pitch = -10.975372, Yaw = 169.077884
Roll = -2.215004, Pitch = -10.975372, Yaw = 169.077884
Roll = -2.384227, Pitch = -11.749441, Yaw = 169.262454
Roll = -2.384227, Pitch = -11.749441, Yaw = 169.262454
Roll = -2.646344, Pitch = -12.552698, Yaw = 169.459537
Roll = -2.646344, Pitch = -12.552698, Yaw = 169.459537
Roll = -2.967874, Pitch = -13.372172, Yaw = 169.690448
Roll = -2.967874, Pitch = -13.372172, Yaw = 169.690448
Roll = -3.306594, Pitch = -14.208563, Yaw = 169.948123
Roll = -3.306594, Pitch = -14.208563, Yaw = 169.948123
Roll = -3.659724, Pitch = -15.102730, Yaw = 170.248630
Roll = -3.659724, Pitch = -15.102730, Yaw = 170.248630
Roll = -4.023485, Pitch = -16.015887, Yaw = 170.585559
Roll = -4.023485, Pitch = -16.015887, Yaw = 170.585559
Roll = -4.414597, Pitch = -16.943133, Yaw = 170.960925
Roll = -4.414597, Pitch = -16.943133, Yaw = 170.960925
Roll = -4.842975, Pitch = -17.867955, Yaw = 171.365466
Roll = -4.842975, Pitch = -17.867955, Yaw = 171.365466
Roll = -5.294149, Pitch = -18.782294, Yaw = 171.791904
Roll = -5.294149, Pitch = -18.782294, Yaw = 171.791904
Roll = -5.751289, Pitch = -19.684210, Yaw = 172.230289
Roll = -5.751289, Pitch = -19.684210, Yaw = 172.230289
Roll = -6.210206, Pitch = -20.572661, Yaw = 172.658130
Roll = -6.210206, Pitch = -20.572661, Yaw = 172.658130
Roll = -6.656813, Pitch = -21.459902, Yaw = 173.069034
Roll = -6.656813, Pitch = -21.459902, Yaw = 173.069034
Roll = -7.061922, Pitch = -22.350079, Yaw = 173.415805
Roll = -7.061922, Pitch = -22.350079, Yaw = 173.415805
Roll = -7.409844, Pitch = -23.282097, Yaw = 173.662677
Roll = -7.409844, Pitch = -23.282097, Yaw = 173.662677
Roll = -7.715108, Pitch = -24.241690, Yaw = 173.839297
Roll = -7.715108, Pitch = -24.241690, Yaw = 173.839297
Roll = -7.989071, Pitch = -25.173611, Yaw = 173.975070
Roll = -7.989071, Pitch = -25.173611, Yaw = 173.975070
Roll = -8.245645, Pitch = -26.086556, Yaw = 174.108707
Roll = -8.245645, Pitch = -26.086556, Yaw = 174.108707
Roll = -8.477985, Pitch = -26.944169, Yaw = 174.231341
Roll = -8.477985, Pitch = -26.944169, Yaw = 174.231341
Roll = -8.685351, Pitch = -27.772189, Yaw = 174.330783
Roll = -8.685351, Pitch = -27.772189, Yaw = 174.330783
Roll = -8.871153, Pitch = -28.580050, Yaw = 174.403461
Roll = -8.871153, Pitch = -28.580050, Yaw = 174.403461
Roll = -9.045357, Pitch = -29.358721, Yaw = 174.466327
Roll = -9.045357, Pitch = -29.358721, Yaw = 174.466327
Roll = -9.212225, Pitch = -30.092736, Yaw = 174.509555
Roll = -9.212225, Pitch = -30.092736, Yaw = 174.509555
Roll = -9.385934, Pitch = -30.783309, Yaw = 174.521823
Roll = -9.385934, Pitch = -30.783309, Yaw = 174.521823
Roll = -9.554924, Pitch = -31.415709, Yaw = 174.485095
Roll = -9.554924, Pitch = -31.415709, Yaw = 174.485095
Roll = -9.707870, Pitch = -31.997675, Yaw = 174.389026
Roll = -9.707870, Pitch = -31.997675, Yaw = 174.389026
Roll = -9.835272, Pitch = -32.514515, Yaw = 174.245013
Roll = -9.835272, Pitch = -32.514515, Yaw = 174.245013
Roll = -9.923577, Pitch = -32.961091, Yaw = 174.107806
Roll = -9.923577, Pitch = -32.961091, Yaw = 174.107806
Roll = -9.916662, Pitch = -33.281849, Yaw = 173.932300
Roll = -9.916662, Pitch = -33.281849, Yaw = 173.932300
Roll = -9.809755, Pitch = -33.547143, Yaw = 173.697024
Roll = -9.809755, Pitch = -33.547143, Yaw = 173.697024
Roll = -9.689995, Pitch = -33.856240, Yaw = 173.407245
Roll = -9.689995, Pitch = -33.856240, Yaw = 173.407245
Roll = -9.574245, Pitch = -34.172700, Yaw = 173.074710
Roll = -9.574245, Pitch = -34.172700, Yaw = 173.074710
Roll = -9.436775, Pitch = -34.458626, Yaw = 172.684970
Roll = -9.436775, Pitch = -34.458626, Yaw = 172.684970
Roll = -9.259253, Pitch = -34.723855, Yaw = 172.234622
Roll = -9.259253, Pitch = -34.723855, Yaw = 172.234622
Roll = -9.101746, Pitch = -35.076813, Yaw = 171.743243
Roll = -9.101746, Pitch = -35.076813, Yaw = 171.743243
Roll = -8.934001, Pitch = -35.387375, Yaw = 171.162448
Roll = -8.934001, Pitch = -35.387375, Yaw = 171.162448
Roll = -8.784720, Pitch = -35.569195, Yaw = 170.538425
Roll = -8.784720, Pitch = -35.569195, Yaw = 170.538425
Roll = -8.611611, Pitch = -35.663251, Yaw = 169.939197
Roll = -8.611611, Pitch = -35.663251, Yaw = 169.939197
Roll = -8.429477, Pitch = -35.794472, Yaw = 169.351947
Roll = -8.429477, Pitch = -35.794472, Yaw = 169.351947
Roll = -8.271665, Pitch = -35.974602, Yaw = 168.772281
Roll = -8.271665, Pitch = -35.974602, Yaw = 168.772281
Roll = -8.147826, Pitch = -36.122689, Yaw = 168.249805
Roll = -8.147826, Pitch = -36.122689, Yaw = 168.249805
Roll = -8.126244, Pitch = -36.140065, Yaw = 167.777102
Roll = -8.126244, Pitch = -36.140065, Yaw = 167.777102
Roll = -8.146951, Pitch = -36.091805, Yaw = 167.290439
Roll = -8.146951, Pitch = -36.091805, Yaw = 167.290439
Roll = -8.162437, Pitch = -35.968575, Yaw = 166.718478
Roll = -8.162437, Pitch = -35.968575, Yaw = 166.718478
Roll = -8.169921, Pitch = -35.783822, Yaw = 166.100635
Roll = -8.169921, Pitch = -35.783822, Yaw = 166.100635
Roll = -8.189612, Pitch = -35.534814, Yaw = 165.493701
Roll = -8.189612, Pitch = -35.534814, Yaw = 165.493701
Roll = -8.230017, Pitch = -35.215302, Yaw = 164.899646
Roll = -8.230017, Pitch = -35.215302, Yaw = 164.899646
Roll = -8.310039, Pitch = -34.826573, Yaw = 164.297351
Roll = -8.310039, Pitch = -34.826573, Yaw = 164.297351
Roll = -8.450639, Pitch = -34.379468, Yaw = 163.722400
Roll = -8.450639, Pitch = -34.379468, Yaw = 163.722400
Roll = -8.683001, Pitch = -33.825337, Yaw = 163.146731
Roll = -8.683001, Pitch = -33.825337, Yaw = 163.146731
Roll = -9.011972, Pitch = -33.179444, Yaw = 162.545886
Roll = -9.011972, Pitch = -33.179444, Yaw = 162.545886
Roll = -9.418247, Pitch = -32.489483, Yaw = 161.959247
Roll = -9.418247, Pitch = -32.489483, Yaw = 161.959247
Roll = -9.893051, Pitch = -31.767129, Yaw = 161.471820
Roll = -9.893051, Pitch = -31.767129, Yaw = 161.471820
Roll = -10.395586, Pitch = -31.003813, Yaw = 161.111819
Roll = -10.395586, Pitch = -31.003813, Yaw = 161.111819
Roll = -10.997289, Pitch = -30.202517, Yaw = 160.914569
Roll = -10.997289, Pitch = -30.202517, Yaw = 160.914569
Roll = -11.745176, Pitch = -29.144417, Yaw = 160.929538
Roll = -11.745176, Pitch = -29.144417, Yaw = 160.929538
Roll = -12.370044, Pitch = -27.797692, Yaw = 161.004153
Roll = -12.370044, Pitch = -27.797692, Yaw = 161.004153
Roll = -13.011907, Pitch = -26.490984, Yaw = 161.027881
Roll = -13.011907, Pitch = -26.490984, Yaw = 161.027881
Roll = -13.726995, Pitch = -25.201018, Yaw = 160.993976
Roll = -13.726995, Pitch = -25.201018, Yaw = 160.993976
Roll = -14.459133, Pitch = -23.830943, Yaw = 160.807391
Roll = -14.459133, Pitch = -23.830943, Yaw = 160.807391
Roll = -15.199562, Pitch = -22.400658, Yaw = 160.475573
Roll = -15.199562, Pitch = -22.400658, Yaw = 160.475573
Roll = -15.932752, Pitch = -20.994873, Yaw = 160.143985
Roll = -15.932752, Pitch = -20.994873, Yaw = 160.143985
Roll = -16.601357, Pitch = -19.506819, Yaw = 159.784060
Roll = -16.601357, Pitch = -19.506819, Yaw = 159.784060
Roll = -17.145174, Pitch = -17.916504, Yaw = 159.450900
Roll = -17.145174, Pitch = -17.916504, Yaw = 159.450900
Roll = -17.568653, Pitch = -16.177700, Yaw = 159.217563
Roll = -17.568653, Pitch = -16.177700, Yaw = 159.217563
Roll = -17.872402, Pitch = -14.403165, Yaw = 159.084292
Roll = -17.872402, Pitch = -14.403165, Yaw = 159.084292
Roll = -18.119778, Pitch = -12.723361, Yaw = 158.976977
Roll = -18.119778, Pitch = -12.723361, Yaw = 158.976977
Roll = -18.270590, Pitch = -11.053220, Yaw = 158.790667
Roll = -18.270590, Pitch = -11.053220, Yaw = 158.790667
Roll = -18.404717, Pitch = -9.415134, Yaw = 158.606219
Roll = -18.404717, Pitch = -9.415134, Yaw = 158.606219
Roll = -18.547125, Pitch = -7.851155, Yaw = 158.439257
Roll = -18.547125, Pitch = -7.851155, Yaw = 158.439257
Roll = -18.721752, Pitch = -6.440240, Yaw = 158.290820
Roll = -18.721752, Pitch = -6.440240, Yaw = 158.290820
Roll = -18.940855, Pitch = -5.164783, Yaw = 158.147265
Roll = -18.940855, Pitch = -5.164783, Yaw = 158.147265
Roll = -19.166497, Pitch = -3.921788, Yaw = 157.942797
Roll = -19.166497, Pitch = -3.921788, Yaw = 157.942797
Roll = -19.385540, Pitch = -2.734609, Yaw = 157.737109
Roll = -19.385540, Pitch = -2.734609, Yaw = 157.737109
Roll = -19.598490, Pitch = -1.611280, Yaw = 157.504351
Roll = -19.598490, Pitch = -1.611280, Yaw = 157.504351
Roll = -19.842039, Pitch = -0.574326, Yaw = 157.248843
Roll = -19.842039, Pitch = -0.574326, Yaw = 157.248843
Roll = -20.074673, Pitch = 0.474987, Yaw = 156.988131
Roll = -20.074673, Pitch = 0.474987, Yaw = 156.988131
Roll = -20.338320, Pitch = 1.505848, Yaw = 156.746753
Roll = -20.338320, Pitch = 1.505848, Yaw = 156.746753
Roll = -20.649941, Pitch = 2.477595, Yaw = 156.528079
Roll = -20.649941, Pitch = 2.477595, Yaw = 156.528079
Roll = -20.998330, Pitch = 3.398830, Yaw = 156.336566
Roll = -20.998330, Pitch = 3.398830, Yaw = 156.336566
Roll = -21.330698, Pitch = 4.317751, Yaw = 156.186618
Roll = -21.330698, Pitch = 4.317751, Yaw = 156.186618
Roll = -21.627896, Pitch = 5.241640, Yaw = 156.095980
Roll = -21.627896, Pitch = 5.241640, Yaw = 156.095980
Roll = -21.895657, Pitch = 6.114812, Yaw = 156.030215
Roll = -21.895657, Pitch = 6.114812, Yaw = 156.030215
Roll = -22.110815, Pitch = 6.932881, Yaw = 155.925494
Roll = -22.110815, Pitch = 6.932881, Yaw = 155.925494
Roll = -22.271681, Pitch = 7.651010, Yaw = 155.750232
Roll = -22.271681, Pitch = 7.651010, Yaw = 155.750232
Roll = -22.396696, Pitch = 8.278215, Yaw = 155.494815
Roll = -22.396696, Pitch = 8.278215, Yaw = 155.494815
Roll = -22.491967, Pitch = 8.784260, Yaw = 155.176837
Roll = -22.491967, Pitch = 8.784260, Yaw = 155.176837
Roll = -22.552805, Pitch = 9.144891, Yaw = 154.818087
Roll = -22.552805, Pitch = 9.144891, Yaw = 154.818087
Roll = -22.596610, Pitch = 9.382091, Yaw = 154.459018
Roll = -22.596610, Pitch = 9.382091, Yaw = 154.459018
Roll = -22.639628, Pitch = 9.521618, Yaw = 154.152682
Roll = -22.639628, Pitch = 9.521618, Yaw = 154.152682
Roll = -22.657231, Pitch = 9.600694, Yaw = 153.920581
Roll = -22.657231, Pitch = 9.600694, Yaw = 153.920581
Roll = -22.610657, Pitch = 9.680718, Yaw = 153.791476
Roll = -22.610657, Pitch = 9.680718, Yaw = 153.791476
Roll = -22.508049, Pitch = 9.723301, Yaw = 153.810626
Roll = -22.508049, Pitch = 9.723301, Yaw = 153.810626
Roll = -22.336466, Pitch = 9.746511, Yaw = 153.891467
Roll = -22.336466, Pitch = 9.746511, Yaw = 153.891467
Roll = -22.093697, Pitch = 9.753293, Yaw = 154.044986
Roll = -22.093697, Pitch = 9.753293, Yaw = 154.044986
Roll = -21.808384, Pitch = 9.719819, Yaw = 154.257174
Roll = -21.808384, Pitch = 9.719819, Yaw = 154.257174
Roll = -21.479290, Pitch = 9.605348, Yaw = 154.558505
Roll = -21.479290, Pitch = 9.605348, Yaw = 154.558505
Roll = -21.060913, Pitch = 9.423737, Yaw = 154.959521
Roll = -21.060913, Pitch = 9.423737, Yaw = 154.959521
Roll = -20.518702, Pitch = 9.138836, Yaw = 155.451663
Roll = -20.518702, Pitch = 9.138836, Yaw = 155.451663
Roll = -19.840147, Pitch = 8.727069, Yaw = 156.048770
Roll = -19.840147, Pitch = 8.727069, Yaw = 156.048770
Roll = -19.019362, Pitch = 8.216929, Yaw = 156.770694
Roll = -19.019362, Pitch = 8.216929, Yaw = 156.770694
Roll = -18.079033, Pitch = 7.603840, Yaw = 157.600970
Roll = -18.079033, Pitch = 7.603840, Yaw = 157.600970
Roll = -16.975960, Pitch = 6.879411, Yaw = 158.512103
Roll = -16.975960, Pitch = 6.879411, Yaw = 158.512103
Roll = -15.710009, Pitch = 6.040420, Yaw = 159.448840
Roll = -15.710009, Pitch = 6.040420, Yaw = 159.448840
Roll = -14.337260, Pitch = 5.076381, Yaw = 160.399554
Roll = -14.337260, Pitch = 5.076381, Yaw = 160.399554
Roll = -12.892868, Pitch = 4.001082, Yaw = 161.363223
Roll = -12.892868, Pitch = 4.001082, Yaw = 161.363223
Roll = -11.399784, Pitch = 2.830601, Yaw = 162.344684
Roll = -11.399784, Pitch = 2.830601, Yaw = 162.344684
Roll = -9.900712, Pitch = 1.587884, Yaw = 163.373431
Roll = -9.900712, Pitch = 1.587884, Yaw = 163.373431
Roll = -8.401179, Pitch = 0.267743, Yaw = 164.486270
Roll = -8.401179, Pitch = 0.267743, Yaw = 164.486270
Roll = -6.919949, Pitch = -1.119773, Yaw = 165.680484
Roll = -6.919949, Pitch = -1.119773, Yaw = 165.680484
Roll = -5.460085, Pitch = -2.559025, Yaw = 166.924640
Roll = -5.460085, Pitch = -2.559025, Yaw = 166.924640
Roll = -4.027544, Pitch = -4.031010, Yaw = 168.168811
Roll = -4.027544, Pitch = -4.031010, Yaw = 168.168811
Roll = -2.623059, Pitch = -5.542091, Yaw = 169.410693
Roll = -2.623059, Pitch = -5.542091, Yaw = 169.410693
Roll = -1.222780, Pitch = -7.084009, Yaw = 170.637118
Roll = -1.222780, Pitch = -7.084009, Yaw = 170.637118
Roll = 0.186602, Pitch = -8.642593, Yaw = 171.816653
Roll = 0.186602, Pitch = -8.642593, Yaw = 171.816653
Roll = 1.617527, Pitch = -10.198835, Yaw = 172.909457
Roll = 1.617527, Pitch = -10.198835, Yaw = 172.909457
Roll = 3.070471, Pitch = -11.742027, Yaw = 173.904971
Roll = 3.070471, Pitch = -11.742027, Yaw = 173.904971
Roll = 4.492918, Pitch = -13.222685, Yaw = 174.818759
Roll = 4.492918, Pitch = -13.222685, Yaw = 174.818759
Roll = 5.786018, Pitch = -14.683495, Yaw = 175.669284
Roll = 5.786018, Pitch = -14.683495, Yaw = 175.669284
Roll = 6.960505, Pitch = -16.096867, Yaw = 176.439380
Roll = 6.960505, Pitch = -16.096867, Yaw = 176.439380
Roll = 8.034762, Pitch = -17.420063, Yaw = 177.147906
Roll = 8.034762, Pitch = -17.420063, Yaw = 177.147906
Roll = 8.985768, Pitch = -18.648981, Yaw = 177.785159
Roll = 8.985768, Pitch = -18.648981, Yaw = 177.785159
Roll = 9.805231, Pitch = -19.785458, Yaw = 178.329028
Roll = 9.805231, Pitch = -19.785458, Yaw = 178.329028
Roll = 10.526537, Pitch = -20.863406, Yaw = 178.783527
Roll = 10.526537, Pitch = -20.863406, Yaw = 178.783527
Roll = 11.135426, Pitch = -21.917357, Yaw = 179.134784
Roll = 11.135426, Pitch = -21.917357, Yaw = 179.134784
Roll = 11.627525, Pitch = -22.920401, Yaw = 179.409778
Roll = 11.627525, Pitch = -22.920401, Yaw = 179.409778
Roll = 12.022384, Pitch = -23.847620, Yaw = 179.651828
Roll = 12.022384, Pitch = -23.847620, Yaw = 179.651828
Roll = 12.330023, Pitch = -24.739672, Yaw = 179.840579
Roll = 12.330023, Pitch = -24.739672, Yaw = 179.840579
Roll = 12.555671, Pitch = -25.607752, Yaw = -179.986499
Roll = 12.555671, Pitch = -25.607752, Yaw = -179.986499
Roll = 12.668022, Pitch = -26.327500, Yaw = -179.763385
Roll = 12.668022, Pitch = -26.327500, Yaw = -179.763385
Roll = 12.674262, Pitch = -26.915753, Yaw = -179.526294
Roll = 12.674262, Pitch = -26.915753, Yaw = -179.526294
Roll = 12.651547, Pitch = -27.446190, Yaw = -179.366122
Roll = 12.651547, Pitch = -27.446190, Yaw = -179.366122
Roll = 12.609537, Pitch = -27.908406, Yaw = -179.289828
Roll = 12.609537, Pitch = -27.908406, Yaw = -179.289828
Roll = 12.534071, Pitch = -28.325167, Yaw = -179.267261
Roll = 12.534071, Pitch = -28.325167, Yaw = -179.267261
Roll = 12.406582, Pitch = -28.702761, Yaw = -179.283038
Roll = 12.406582, Pitch = -28.702761, Yaw = -179.283038
Roll = 12.219050, Pitch = -29.090872, Yaw = -179.324863
Roll = 12.219050, Pitch = -29.090872, Yaw = -179.324863
Roll = 11.978948, Pitch = -29.533015, Yaw = -179.409274
Roll = 11.978948, Pitch = -29.533015, Yaw = -179.409274
Roll = 11.740030, Pitch = -30.037507, Yaw = -179.552112
Roll = 11.740030, Pitch = -30.037507, Yaw = -179.552112
Roll = 11.567453, Pitch = -30.529349, Yaw = -179.761249
Roll = 11.567453, Pitch = -30.529349, Yaw = -179.761249
Roll = 11.342193, Pitch = -30.960005, Yaw = 179.937381
Roll = 11.342193, Pitch = -30.960005, Yaw = 179.937381
Roll = 11.017380, Pitch = -31.415162, Yaw = 179.579059
Roll = 11.017380, Pitch = -31.415162, Yaw = 179.579059
Roll = 10.690043, Pitch = -31.893370, Yaw = 179.216388
Roll = 10.690043, Pitch = -31.893370, Yaw = 179.216388
Roll = 10.374218, Pitch = -32.377453, Yaw = 178.838977
Roll = 10.374218, Pitch = -32.377453, Yaw = 178.838977
Roll = 10.081176, Pitch = -32.836091, Yaw = 178.458575
Roll = 10.081176, Pitch = -32.836091, Yaw = 178.458575
Roll = 9.796096, Pitch = -33.300030, Yaw = 178.049014
Roll = 9.796096, Pitch = -33.300030, Yaw = 178.049014
Roll = 9.471914, Pitch = -33.770203, Yaw = 177.625812
Roll = 9.471914, Pitch = -33.770203, Yaw = 177.625812
Roll = 9.053179, Pitch = -34.225728, Yaw = 177.220660
Roll = 9.053179, Pitch = -34.225728, Yaw = 177.220660
Roll = 8.601995, Pitch = -34.648232, Yaw = 176.797839
Roll = 8.601995, Pitch = -34.648232, Yaw = 176.797839
Roll = 8.129166, Pitch = -35.097310, Yaw = 176.343585
Roll = 8.129166, Pitch = -35.097310, Yaw = 176.343585
Roll = 7.558318, Pitch = -35.614125, Yaw = 175.899799
Roll = 7.558318, Pitch = -35.614125, Yaw = 175.899799
Roll = 6.851361, Pitch = -36.136399, Yaw = 175.481891
Roll = 6.851361, Pitch = -36.136399, Yaw = 175.481891
Roll = 5.910326, Pitch = -36.593831, Yaw = 175.013553
Roll = 5.910326, Pitch = -36.593831, Yaw = 175.013553
Roll = 4.798384, Pitch = -36.946694, Yaw = 174.553638
Roll = 4.798384, Pitch = -36.946694, Yaw = 174.553638
Roll = 3.629240, Pitch = -37.134427, Yaw = 174.182407
Roll = 3.629240, Pitch = -37.134427, Yaw = 174.182407
Roll = 2.397967, Pitch = -37.174840, Yaw = 173.900180
Roll = 2.397967, Pitch = -37.174840, Yaw = 173.900180
Roll = 1.146563, Pitch = -37.125035, Yaw = 173.671603
Roll = 1.146563, Pitch = -37.125035, Yaw = 173.671603
Roll = -0.062111, Pitch = -37.019475, Yaw = 173.427554
Roll = -0.062111, Pitch = -37.019475, Yaw = 173.427554
Roll = -1.196244, Pitch = -36.872281, Yaw = 173.136752
Roll = -1.196244, Pitch = -36.872281, Yaw = 173.136752
Roll = -2.230811, Pitch = -36.689786, Yaw = 172.773288
Roll = -2.230811, Pitch = -36.689786, Yaw = 172.773288
Roll = -3.142040, Pitch = -36.519128, Yaw = 172.267749
Roll = -3.142040, Pitch = -36.519128, Yaw = 172.267749
Roll = -3.921406, Pitch = -36.354085, Yaw = 171.570209
Roll = -3.921406, Pitch = -36.354085, Yaw = 171.570209
Roll = -4.698696, Pitch = -36.225899, Yaw = 170.755237
Roll = -4.698696, Pitch = -36.225899, Yaw = 170.755237
Roll = -5.599551, Pitch = -36.142632, Yaw = 169.992068
Roll = -5.599551, Pitch = -36.142632, Yaw = 169.992068
Roll = -6.696005, Pitch = -36.079526, Yaw = 169.396884
Roll = -6.696005, Pitch = -36.079526, Yaw = 169.396884
Roll = -8.005292, Pitch = -35.988213, Yaw = 169.014758
Roll = -8.005292, Pitch = -35.988213, Yaw = 169.014758
Roll = -9.440541, Pitch = -35.850125, Yaw = 168.821582
Roll = -9.440541, Pitch = -35.850125, Yaw = 168.821582
Roll = -10.938012, Pitch = -35.695050, Yaw = 168.726993
Roll = -10.938012, Pitch = -35.695050, Yaw = 168.726993
Roll = -12.396807, Pitch = -35.472699, Yaw = 168.581729
Roll = -12.396807, Pitch = -35.472699, Yaw = 168.581729
Roll = -13.730044, Pitch = -35.226006, Yaw = 168.313281
Roll = -13.730044, Pitch = -35.226006, Yaw = 168.313281
Roll = -14.865660, Pitch = -35.024739, Yaw = 167.896686
Roll = -14.865660, Pitch = -35.024739, Yaw = 167.896686
Roll = -15.794845, Pitch = -34.891743, Yaw = 167.301745
Roll = -15.794845, Pitch = -34.891743, Yaw = 167.301745
Roll = -16.527678, Pitch = -34.828282, Yaw = 166.499148
Roll = -16.527678, Pitch = -34.828282, Yaw = 166.499148
Roll = -17.090729, Pitch = -34.775990, Yaw = 165.513492
Roll = -17.090729, Pitch = -34.775990, Yaw = 165.513492
Roll = -17.525765, Pitch = -34.699166, Yaw = 164.410556
Roll = -17.525765, Pitch = -34.699166, Yaw = 164.410556
Roll = -17.912709, Pitch = -34.570920, Yaw = 163.303409
Roll = -17.912709, Pitch = -34.570920, Yaw = 163.303409
Roll = -18.431311, Pitch = -34.349526, Yaw = 162.404712
Roll = -18.431311, Pitch = -34.349526, Yaw = 162.404712
Roll = -19.194109, Pitch = -34.003071, Yaw = 161.798983
Roll = -19.194109, Pitch = -34.003071, Yaw = 161.798983
Roll = -20.141625, Pitch = -33.505314, Yaw = 161.420306
Roll = -20.141625, Pitch = -33.505314, Yaw = 161.420306
Roll = -21.171040, Pitch = -32.896359, Yaw = 161.171206
Roll = -21.171040, Pitch = -32.896359, Yaw = 161.171206
Roll = -22.193201, Pitch = -32.208584, Yaw = 160.968203
Roll = -22.193201, Pitch = -32.208584, Yaw = 160.968203
Roll = -23.102513, Pitch = -31.501216, Yaw = 160.751864
Roll = -23.102513, Pitch = -31.501216, Yaw = 160.751864
Roll = -23.847426, Pitch = -30.813771, Yaw = 160.471133
Roll = -23.847426, Pitch = -30.813771, Yaw = 160.471133
Roll = -24.422953, Pitch = -30.157061, Yaw = 160.121844
Roll = -24.422953, Pitch = -30.157061, Yaw = 160.121844
Roll = -24.843958, Pitch = -29.737477, Yaw = 159.701938
Roll = -24.843958, Pitch = -29.737477, Yaw = 159.701938
Roll = -25.087262, Pitch = -29.254067, Yaw = 159.262179
Roll = -25.087262, Pitch = -29.254067, Yaw = 159.262179
Roll = -25.249464, Pitch = -28.660731, Yaw = 158.847323
Roll = -25.249464, Pitch = -28.660731, Yaw = 158.847323
Roll = -25.348132, Pitch = -28.030354, Yaw = 158.466952
Roll = -25.348132, Pitch = -28.030354, Yaw = 158.466952
Roll = -25.373398, Pitch = -27.449036, Yaw = 158.112506
Roll = -25.373398, Pitch = -27.449036, Yaw = 158.112506
Roll = -25.324849, Pitch = -26.900900, Yaw = 157.772448
Roll = -25.324849, Pitch = -26.900900, Yaw = 157.772448
Roll = -25.203116, Pitch = -26.371083, Yaw = 157.484637
Roll = -25.203116, Pitch = -26.371083, Yaw = 157.484637
Roll = -24.999104, Pitch = -25.823349, Yaw = 157.257220
Roll = -24.999104, Pitch = -25.823349, Yaw = 157.257220
Roll = -24.718728, Pitch = -25.251542, Yaw = 157.087909
Roll = -24.718728, Pitch = -25.251542, Yaw = 157.087909
Roll = -24.374638, Pitch = -24.625588, Yaw = 156.977343
Roll = -24.374638, Pitch = -24.625588, Yaw = 156.977343
Roll = -23.987816, Pitch = -24.001149, Yaw = 156.916552
Roll = -23.987816, Pitch = -24.001149, Yaw = 156.916552
Roll = -23.558293, Pitch = -23.407582, Yaw = 156.868625
Roll = -23.558293, Pitch = -23.407582, Yaw = 156.868625
Roll = -23.090254, Pitch = -22.856089, Yaw = 156.857516
Roll = -23.090254, Pitch = -22.856089, Yaw = 156.857516
Roll = -22.556927, Pitch = -22.302981, Yaw = 156.884661
Roll = -22.556927, Pitch = -22.302981, Yaw = 156.884661
Roll = -21.943838, Pitch = -21.780451, Yaw = 156.966037
Roll = -21.943838, Pitch = -21.780451, Yaw = 156.966037
Roll = -21.254559, Pitch = -21.275387, Yaw = 157.092669
Roll = -21.254559, Pitch = -21.275387, Yaw = 157.092669
Roll = -20.545294, Pitch = -20.769987, Yaw = 157.295153
Roll = -20.545294, Pitch = -20.769987, Yaw = 157.295153
Roll = -19.767393, Pitch = -20.256741, Yaw = 157.495486
Roll = -19.767393, Pitch = -20.256741, Yaw = 157.495486
Roll = -18.943491, Pitch = -19.779362, Yaw = 157.786898
Roll = -18.943491, Pitch = -19.779362, Yaw = 157.786898
Roll = -18.063254, Pitch = -19.219710, Yaw = 158.031115
Roll = -18.063254, Pitch = -19.219710, Yaw = 158.031115
Roll = -17.091858, Pitch = -18.624222, Yaw = 158.203189
Roll = -17.091858, Pitch = -18.624222, Yaw = 158.203189
Roll = -16.102755, Pitch = -18.085339, Yaw = 158.323291
Roll = -16.102755, Pitch = -18.085339, Yaw = 158.323291
Roll = -15.136190, Pitch = -17.650343, Yaw = 158.366748
Roll = -15.136190, Pitch = -17.650343, Yaw = 158.366748
Roll = -14.205303, Pitch = -17.308159, Yaw = 158.398455
Roll = -14.205303, Pitch = -17.308159, Yaw = 158.398455
Roll = -13.295215, Pitch = -17.017039, Yaw = 158.440524
Roll = -13.295215, Pitch = -17.017039, Yaw = 158.440524
Roll = -12.381455, Pitch = -16.777125, Yaw = 158.507525
Roll = -12.381455, Pitch = -16.777125, Yaw = 158.507525
Roll = -11.464729, Pitch = -16.556975, Yaw = 158.609179
Roll = -11.464729, Pitch = -16.556975, Yaw = 158.609179
Roll = -10.551652, Pitch = -16.344767, Yaw = 158.748446
Roll = -10.551652, Pitch = -16.344767, Yaw = 158.748446
Roll = -9.641199, Pitch = -16.141207, Yaw = 158.922534
Roll = -9.641199, Pitch = -16.141207, Yaw = 158.922534
Roll = -8.741560, Pitch = -15.927136, Yaw = 159.133166
Roll = -8.741560, Pitch = -15.927136, Yaw = 159.133166
Roll = -7.847733, Pitch = -15.676710, Yaw = 159.363360
Roll = -7.847733, Pitch = -15.676710, Yaw = 159.363360
Roll = -6.948564, Pitch = -15.414457, Yaw = 159.607577
Roll = -6.948564, Pitch = -15.414457, Yaw = 159.607577
Roll = -6.023544, Pitch = -15.194685, Yaw = 159.868365
Roll = -6.023544, Pitch = -15.194685, Yaw = 159.868365
Roll = -5.087277, Pitch = -15.028006, Yaw = 160.147570
Roll = -5.087277, Pitch = -15.028006, Yaw = 160.147570
Roll = -4.151167, Pitch = -14.866754, Yaw = 160.452441
Roll = -4.151167, Pitch = -14.866754, Yaw = 160.452441
Roll = -3.205079, Pitch = -14.661440, Yaw = 160.771853
Roll = -3.205079, Pitch = -14.661440, Yaw = 160.771853
Roll = -2.303644, Pitch = -14.431080, Yaw = 161.110522
Roll = -2.303644, Pitch = -14.431080, Yaw = 161.110522
Roll = -1.457774, Pitch = -14.217061, Yaw = 161.464465
Roll = -1.457774, Pitch = -14.217061, Yaw = 161.464465
Roll = -0.613207, Pitch = -14.017451, Yaw = 161.825839
Roll = -0.613207, Pitch = -14.017451, Yaw = 161.825839
Roll = 0.215826, Pitch = -13.850120, Yaw = 162.184237
Roll = 0.215826, Pitch = -13.850120, Yaw = 162.184237
Roll = 1.016434, Pitch = -13.714522, Yaw = 162.563083
Roll = 1.016434, Pitch = -13.714522, Yaw = 162.563083
Roll = 1.795466, Pitch = -13.628128, Yaw = 162.975848
Roll = 1.795466, Pitch = -13.628128, Yaw = 162.975848
Roll = 2.576440, Pitch = -13.573961, Yaw = 163.426928
Roll = 2.576440, Pitch = -13.573961, Yaw = 163.426928
Roll = 3.358479, Pitch = -13.587463, Yaw = 163.874865
Roll = 3.358479, Pitch = -13.587463, Yaw = 163.874865
Roll = 4.140999, Pitch = -13.664044, Yaw = 164.277713
Roll = 4.140999, Pitch = -13.664044, Yaw = 164.277713
Roll = 4.910251, Pitch = -13.822011, Yaw = 164.650424
Roll = 4.910251, Pitch = -13.822011, Yaw = 164.650424
Roll = 5.641960, Pitch = -14.009855, Yaw = 165.003146
Roll = 5.641960, Pitch = -14.009855, Yaw = 165.003146
Roll = 6.317652, Pitch = -14.264471, Yaw = 165.346698
Roll = 6.317652, Pitch = -14.264471, Yaw = 165.346698
Roll = 6.924312, Pitch = -14.596967, Yaw = 165.685992
Roll = 6.924312, Pitch = -14.596967, Yaw = 165.685992
Roll = 7.439953, Pitch = -15.008247, Yaw = 166.030154
Roll = 7.439953, Pitch = -15.008247, Yaw = 166.030154
Roll = 7.861835, Pitch = -15.491274, Yaw = 166.370669
Roll = 7.861835, Pitch = -15.491274, Yaw = 166.370669
Roll = 8.169777, Pitch = -16.012760, Yaw = 166.683963
Roll = 8.169777, Pitch = -16.012760, Yaw = 166.683963
Roll = 8.398913, Pitch = -16.561381, Yaw = 166.944217
Roll = 8.398913, Pitch = -16.561381, Yaw = 166.944217
Roll = 8.587773, Pitch = -17.104729, Yaw = 167.144244
Roll = 8.587773, Pitch = -17.104729, Yaw = 167.144244
Roll = 8.737026, Pitch = -17.657107, Yaw = 167.256961
Roll = 8.737026, Pitch = -17.657107, Yaw = 167.256961
Roll = 8.847593, Pitch = -18.231966, Yaw = 167.273242
Roll = 8.847593, Pitch = -18.231966, Yaw = 167.273242
Roll = 8.909957, Pitch = -18.808873, Yaw = 167.233340
Roll = 8.909957, Pitch = -18.808873, Yaw = 167.233340
Roll = 8.931061, Pitch = -19.396181, Yaw = 167.154651
Roll = 8.931061, Pitch = -19.396181, Yaw = 167.154651
Roll = 8.925002, Pitch = -20.043116, Yaw = 167.022540
Roll = 8.925002, Pitch = -20.043116, Yaw = 167.022540
Roll = 8.878687, Pitch = -20.735262, Yaw = 166.880206
Roll = 8.878687, Pitch = -20.735262, Yaw = 166.880206
Roll = 8.778736, Pitch = -21.472918, Yaw = 166.799106
Roll = 8.778736, Pitch = -21.472918, Yaw = 166.799106
Roll = 8.642021, Pitch = -22.277523, Yaw = 166.786532
Roll = 8.642021, Pitch = -22.277523, Yaw = 166.786532
Roll = 8.517838, Pitch = -23.147591, Yaw = 166.826266
Roll = 8.517838, Pitch = -23.147591, Yaw = 166.826266
Roll = 8.436320, Pitch = -24.079304, Yaw = 166.865512
Roll = 8.436320, Pitch = -24.079304, Yaw = 166.865512
Roll = 8.320088, Pitch = -25.104975, Yaw = 166.852344
Roll = 8.320088, Pitch = -25.104975, Yaw = 166.852344
Roll = 8.158917, Pitch = -26.194352, Yaw = 166.834811
Roll = 8.158917, Pitch = -26.194352, Yaw = 166.834811
Roll = 7.912288, Pitch = -27.291089, Yaw = 166.792727
Roll = 7.912288, Pitch = -27.291089, Yaw = 166.792727
Roll = 7.612084, Pitch = -28.383364, Yaw = 166.650134
Roll = 7.612084, Pitch = -28.383364, Yaw = 166.650134
Roll = 7.303598, Pitch = -29.518187, Yaw = 166.464389
Roll = 7.303598, Pitch = -29.518187, Yaw = 166.464389
Roll = 7.015912, Pitch = -30.612744, Yaw = 166.336902
Roll = 7.015912, Pitch = -30.612744, Yaw = 166.336902
Roll = 6.697260, Pitch = -31.737561, Yaw = 166.241382
Roll = 6.697260, Pitch = -31.737561, Yaw = 166.241382
Roll = 6.365522, Pitch = -32.796731, Yaw = 166.236239
Roll = 6.365522, Pitch = -32.796731, Yaw = 166.236239
Roll = 5.976666, Pitch = -33.858712, Yaw = 166.305621
Roll = 5.976666, Pitch = -33.858712, Yaw = 166.305621
Roll = 5.538971, Pitch = -34.952290, Yaw = 166.374301
Roll = 5.538971, Pitch = -34.952290, Yaw = 166.374301
Roll = 4.996694, Pitch = -36.084019, Yaw = 166.498172
Roll = 4.996694, Pitch = -36.084019, Yaw = 166.498172
Roll = 4.373708, Pitch = -37.252297, Yaw = 166.670886
Roll = 4.373708, Pitch = -37.252297, Yaw = 166.670886
Roll = 3.715025, Pitch = -38.448075, Yaw = 166.860431
Roll = 3.715025, Pitch = -38.448075, Yaw = 166.860431
Roll = 3.029732, Pitch = -39.638451, Yaw = 167.014346
Roll = 3.029732, Pitch = -39.638451, Yaw = 167.014346
Roll = 2.279936, Pitch = -40.817799, Yaw = 167.117694
Roll = 2.279936, Pitch = -40.817799, Yaw = 167.117694
Roll = 1.534612, Pitch = -41.994088, Yaw = 167.168857
Roll = 1.534612, Pitch = -41.994088, Yaw = 167.168857
Roll = 0.876986, Pitch = -43.133099, Yaw = 167.155658
Roll = 0.876986, Pitch = -43.133099, Yaw = 167.155658
Roll = 0.321041, Pitch = -44.243386, Yaw = 167.076114
Roll = 0.321041, Pitch = -44.243386, Yaw = 167.076114
Roll = -0.204490, Pitch = -45.294293, Yaw = 166.922732
Roll = -0.204490, Pitch = -45.294293, Yaw = 166.922732
Roll = -0.882368, Pitch = -46.291673, Yaw = 166.662036
Roll = -0.882368, Pitch = -46.291673, Yaw = 166.662036
Roll = -1.685239, Pitch = -47.239308, Yaw = 166.380832
Roll = -1.685239, Pitch = -47.239308, Yaw = 166.380832
Roll = -2.439200, Pitch = -48.070519, Yaw = 166.092380
Roll = -2.439200, Pitch = -48.070519, Yaw = 166.092380
Roll = -3.171831, Pitch = -48.769624, Yaw = 165.865054
Roll = -3.171831, Pitch = -48.769624, Yaw = 165.865054
Roll = -3.994535, Pitch = -49.364583, Yaw = 165.741427
Roll = -3.994535, Pitch = -49.364583, Yaw = 165.741427
Roll = -4.929999, Pitch = -49.882901, Yaw = 165.706927
Roll = -4.929999, Pitch = -49.882901, Yaw = 165.706927
Roll = -5.967191, Pitch = -50.340024, Yaw = 165.715335
Roll = -5.967191, Pitch = -50.340024, Yaw = 165.715335
Roll = -7.081980, Pitch = -50.727128, Yaw = 165.762149
Roll = -7.081980, Pitch = -50.727128, Yaw = 165.762149
Roll = -8.232479, Pitch = -51.039540, Yaw = 165.816379
Roll = -8.232479, Pitch = -51.039540, Yaw = 165.816379
Roll = -9.442611, Pitch = -51.306172, Yaw = 165.864764
Roll = -9.442611, Pitch = -51.306172, Yaw = 165.864764
Roll = -10.719973, Pitch = -51.543580, Yaw = 165.889972
Roll = -10.719973, Pitch = -51.543580, Yaw = 165.889972
Roll = -11.989747, Pitch = -51.733338, Yaw = 165.833652
Roll = -11.989747, Pitch = -51.733338, Yaw = 165.833652
Roll = -13.171767, Pitch = -51.900933, Yaw = 165.645724
Roll = -13.171767, Pitch = -51.900933, Yaw = 165.645724
Roll = -14.260421, Pitch = -52.031033, Yaw = 165.345309
Roll = -14.260421, Pitch = -52.031033, Yaw = 165.345309
Roll = -15.307175, Pitch = -52.056870, Yaw = 165.058871
Roll = -15.307175, Pitch = -52.056870, Yaw = 165.058871
Roll = -16.333224, Pitch = -51.856732, Yaw = 164.902911
Roll = -16.333224, Pitch = -51.856732, Yaw = 164.902911
Roll = -17.486418, Pitch = -51.414124, Yaw = 165.060595
Roll = -17.486418, Pitch = -51.414124, Yaw = 165.060595
Roll = -18.827233, Pitch = -50.789826, Yaw = 165.556003
Roll = -18.827233, Pitch = -50.789826, Yaw = 165.556003
Roll = -20.163956, Pitch = -50.025628, Yaw = 166.127124
Roll = -20.163956, Pitch = -50.025628, Yaw = 166.127124
Roll = -21.437580, Pitch = -49.253560, Yaw = 166.610339
Roll = -21.437580, Pitch = -49.253560, Yaw = 166.610339
Roll = -22.558848, Pitch = -48.465348, Yaw = 166.911517
Roll = -22.558848, Pitch = -48.465348, Yaw = 166.911517
Roll = -23.537608, Pitch = -47.641888, Yaw = 167.065417
Roll = -23.537608, Pitch = -47.641888, Yaw = 167.065417
Roll = -24.448327, Pitch = -46.763860, Yaw = 167.141208
Roll = -24.448327, Pitch = -46.763860, Yaw = 167.141208
Roll = -25.321770, Pitch = -45.816094, Yaw = 167.163318
Roll = -25.321770, Pitch = -45.816094, Yaw = 167.163318
Roll = -26.134221, Pitch = -44.798001, Yaw = 167.129397
Roll = -26.134221, Pitch = -44.798001, Yaw = 167.129397
Roll = -26.821391, Pitch = -43.749753, Yaw = 167.053180
Roll = -26.821391, Pitch = -43.749753, Yaw = 167.053180
Roll = -27.395846, Pitch = -42.614762, Yaw = 166.936435
Roll = -27.395846, Pitch = -42.614762, Yaw = 166.936435
Roll = -27.859698, Pitch = -41.399667, Yaw = 166.773715
Roll = -27.859698, Pitch = -41.399667, Yaw = 166.773715
Roll = -28.222922, Pitch = -40.107239, Yaw = 166.498813
Roll = -28.222922, Pitch = -40.107239, Yaw = 166.498813
Roll = -28.483735, Pitch = -38.758649, Yaw = 166.119388
Roll = -28.483735, Pitch = -38.758649, Yaw = 166.119388
Roll = -28.619450, Pitch = -37.389889, Yaw = 165.683352
Roll = -28.619450, Pitch = -37.389889, Yaw = 165.683352
Roll = -28.670973, Pitch = -36.011799, Yaw = 165.236011
Roll = -28.670973, Pitch = -36.011799, Yaw = 165.236011
Roll = -28.677407, Pitch = -34.643479, Yaw = 164.803225
Roll = -28.677407, Pitch = -34.643479, Yaw = 164.803225
Roll = -28.680850, Pitch = -33.325253, Yaw = 164.430255
Roll = -28.680850, Pitch = -33.325253, Yaw = 164.430255
Roll = -28.736640, Pitch = -32.039326, Yaw = 164.161563
Roll = -28.736640, Pitch = -32.039326, Yaw = 164.161563
Roll = -28.912619, Pitch = -30.708401, Yaw = 163.951968
Roll = -28.912619, Pitch = -30.708401, Yaw = 163.951968
Roll = -29.184624, Pitch = -29.607892, Yaw = 163.715915
Roll = -29.184624, Pitch = -29.607892, Yaw = 163.715915
Roll = -29.473527, Pitch = -28.587330, Yaw = 163.458087
Roll = -29.473527, Pitch = -28.587330, Yaw = 163.458087
Roll = -29.723311, Pitch = -27.507073, Yaw = 163.242175
Roll = -29.723311, Pitch = -27.507073, Yaw = 163.242175
Roll = -29.928462, Pitch = -26.388142, Yaw = 163.082065
Roll = -29.928462, Pitch = -26.388142, Yaw = 163.082065
Roll = -30.143918, Pitch = -25.182175, Yaw = 162.879199
Roll = -30.143918, Pitch = -25.182175, Yaw = 162.879199
Roll = -30.362317, Pitch = -23.950036, Yaw = 162.649096
Roll = -30.362317, Pitch = -23.950036, Yaw = 162.649096
Roll = -30.539174, Pitch = -22.686428, Yaw = 162.408236
Roll = -30.539174, Pitch = -22.686428, Yaw = 162.408236
Roll = -30.569472, Pitch = -21.413952, Yaw = 162.246936
Roll = -30.569472, Pitch = -21.413952, Yaw = 162.246936
Roll = -30.366940, Pitch = -20.167714, Yaw = 162.144778
Roll = -30.366940, Pitch = -20.167714, Yaw = 162.144778
Roll = -29.891066, Pitch = -19.011584, Yaw = 162.041781
Roll = -29.891066, Pitch = -19.011584, Yaw = 162.041781
Roll = -29.190413, Pitch = -17.975197, Yaw = 161.911105
Roll = -29.190413, Pitch = -17.975197, Yaw = 161.911105
Roll = -28.358536, Pitch = -17.044619, Yaw = 161.744616
Roll = -28.358536, Pitch = -17.044619, Yaw = 161.744616
Roll = -27.500767, Pitch = -16.152394, Yaw = 161.531558
Roll = -27.500767, Pitch = -16.152394, Yaw = 161.531558
Roll = -26.728482, Pitch = -15.240934, Yaw = 161.288699
Roll = -26.728482, Pitch = -15.240934, Yaw = 161.288699
Roll = -25.942614, Pitch = -14.308932, Yaw = 161.054690
Roll = -25.942614, Pitch = -14.308932, Yaw = 161.054690
Roll = -25.134156, Pitch = -13.406293, Yaw = 160.871646
Roll = -25.134156, Pitch = -13.406293, Yaw = 160.871646
Roll = -24.395544, Pitch = -12.541949, Yaw = 160.809115
Roll = -24.395544, Pitch = -12.541949, Yaw = 160.809115
Roll = -23.707270, Pitch = -11.690446, Yaw = 160.856189
Roll = -23.707270, Pitch = -11.690446, Yaw = 160.856189
Roll = -22.966616, Pitch = -10.859913, Yaw = 160.916812
Roll = -22.966616, Pitch = -10.859913, Yaw = 160.916812
Roll = -22.155779, Pitch = -10.068640, Yaw = 160.980700
Roll = -22.155779, Pitch = -10.068640, Yaw = 160.980700
Roll = -21.326094, Pitch = -9.257076, Yaw = 161.051104
Roll = -21.326094, Pitch = -9.257076, Yaw = 161.051104
Roll = -20.390616, Pitch = -8.372873, Yaw = 161.085559
Roll = -20.390616, Pitch = -8.372873, Yaw = 161.085559
Roll = -19.390427, Pitch = -7.537592, Yaw = 161.172717
Roll = -19.390427, Pitch = -7.537592, Yaw = 161.172717
Roll = -18.375956, Pitch = -6.772977, Yaw = 161.262011
Roll = -18.375956, Pitch = -6.772977, Yaw = 161.262011
Roll = -17.279637, Pitch = -6.105814, Yaw = 161.394336
Roll = -17.279637, Pitch = -6.105814, Yaw = 161.394336
Roll = -16.132290, Pitch = -5.539363, Yaw = 161.530536
Roll = -16.132290, Pitch = -5.539363, Yaw = 161.530536
Roll = -15.003916, Pitch = -5.036482, Yaw = 161.650119
Roll = -15.003916, Pitch = -5.036482, Yaw = 161.650119
Roll = -13.963621, Pitch = -4.577543, Yaw = 161.766864
Roll = -13.963621, Pitch = -4.577543, Yaw = 161.766864
Roll = -13.072326, Pitch = -4.129293, Yaw = 161.889941
Roll = -13.072326, Pitch = -4.129293, Yaw = 161.889941
Roll = -12.310439, Pitch = -3.684730, Yaw = 162.010760
Roll = -12.310439, Pitch = -3.684730, Yaw = 162.010760
Roll = -11.568123, Pitch = -3.237077, Yaw = 162.163989
Roll = -11.568123, Pitch = -3.237077, Yaw = 162.163989
Roll = -10.827879, Pitch = -2.789658, Yaw = 162.364993
Roll = -10.827879, Pitch = -2.789658, Yaw = 162.364993
Roll = -10.050064, Pitch = -2.360891, Yaw = 162.600772
Roll = -10.050064, Pitch = -2.360891, Yaw = 162.600772
Roll = -9.217189, Pitch = -1.928353, Yaw = 162.854159
Roll = -9.217189, Pitch = -1.928353, Yaw = 162.854159
Roll = -8.387169, Pitch = -1.504959, Yaw = 163.106433
Roll = -8.387169, Pitch = -1.504959, Yaw = 163.106433
Roll = -7.574699, Pitch = -1.052070, Yaw = 163.343326
Roll = -7.574699, Pitch = -1.052070, Yaw = 163.343326
Roll = -6.726412, Pitch = -0.568531, Yaw = 163.613986
Roll = -6.726412, Pitch = -0.568531, Yaw = 163.613986
Roll = -5.843904, Pitch = -0.088692, Yaw = 163.906695
Roll = -5.843904, Pitch = -0.088692, Yaw = 163.906695
Roll = -4.988480, Pitch = 0.338139, Yaw = 164.177188
Roll = -4.988480, Pitch = 0.338139, Yaw = 164.177188
Roll = -4.149173, Pitch = 0.764851, Yaw = 164.425708
Roll = -4.149173, Pitch = 0.764851, Yaw = 164.425708
Roll = -3.339538, Pitch = 1.187206, Yaw = 164.690158
Roll = -3.339538, Pitch = 1.187206, Yaw = 164.690158
Roll = -2.613802, Pitch = 1.592895, Yaw = 164.986834
Roll = -2.613802, Pitch = 1.592895, Yaw = 164.986834
Roll = -2.000334, Pitch = 2.013385, Yaw = 165.275149
Roll = -2.000334, Pitch = 2.013385, Yaw = 165.275149
Roll = -1.518068, Pitch = 2.465640, Yaw = 165.526217
Roll = -1.518068, Pitch = 2.465640, Yaw = 165.526217
Roll = -1.089831, Pitch = 2.936865, Yaw = 165.753634
Roll = -1.089831, Pitch = 2.936865, Yaw = 165.753634
Roll = -0.684292, Pitch = 3.430704, Yaw = 165.962161
Roll = -0.684292, Pitch = 3.430704, Yaw = 165.962161
Roll = -0.282732, Pitch = 3.923067, Yaw = 166.144824
Roll = -0.282732, Pitch = 3.923067, Yaw = 166.144824
Roll = 0.126728, Pitch = 4.400577, Yaw = 166.316684
Roll = 0.126728, Pitch = 4.400577, Yaw = 166.316684
Roll = 0.529275, Pitch = 4.854685, Yaw = 166.494693
Roll = 0.529275, Pitch = 4.854685, Yaw = 166.494693
Roll = 0.914329, Pitch = 5.298637, Yaw = 166.685107
Roll = 0.914329, Pitch = 5.298637, Yaw = 166.685107
Roll = 1.268701, Pitch = 5.707040, Yaw = 166.882205
Roll = 1.268701, Pitch = 5.707040, Yaw = 166.882205
Roll = 1.584469, Pitch = 6.075835, Yaw = 167.067996
Roll = 1.584469, Pitch = 6.075835, Yaw = 167.067996
Roll = 1.879827, Pitch = 6.406301, Yaw = 167.247882
Roll = 1.879827, Pitch = 6.406301, Yaw = 167.247882
Roll = 2.183785, Pitch = 6.701845, Yaw = 167.425830
Roll = 2.183785, Pitch = 6.701845, Yaw = 167.425830
Roll = 2.493774, Pitch = 6.969552, Yaw = 167.616168
Roll = 2.493774, Pitch = 6.969552, Yaw = 167.616168
Roll = 2.795069, Pitch = 7.235035, Yaw = 167.812488
Roll = 2.795069, Pitch = 7.235035, Yaw = 167.812488
Roll = 3.077597, Pitch = 7.525098, Yaw = 168.001147
Roll = 3.077597, Pitch = 7.525098, Yaw = 168.001147
Roll = 3.397560, Pitch = 7.831796, Yaw = 168.199649
Roll = 3.397560, Pitch = 7.831796, Yaw = 168.199649
Roll = 3.750726, Pitch = 8.152988, Yaw = 168.405429
Roll = 3.750726, Pitch = 8.152988, Yaw = 168.405429
Roll = 4.100282, Pitch = 8.505966, Yaw = 168.584155
Roll = 4.100282, Pitch = 8.505966, Yaw = 168.584155
Roll = 4.418806, Pitch = 8.909788, Yaw = 168.701297
Roll = 4.418806, Pitch = 8.909788, Yaw = 168.701297
Roll = 4.700144, Pitch = 9.354979, Yaw = 168.751788
Roll = 4.700144, Pitch = 9.354979, Yaw = 168.751788
Roll = 4.954303, Pitch = 9.812849, Yaw = 168.782977
Roll = 4.954303, Pitch = 9.812849, Yaw = 168.782977
Roll = 5.181248, Pitch = 10.283298, Yaw = 168.819858
Roll = 5.181248, Pitch = 10.283298, Yaw = 168.819858
Roll = 5.364577, Pitch = 10.745513, Yaw = 168.860400
Roll = 5.364577, Pitch = 10.745513, Yaw = 168.860400
Roll = 5.499585, Pitch = 11.176622, Yaw = 168.892627
Roll = 5.499585, Pitch = 11.176622, Yaw = 168.892627
Roll = 5.600077, Pitch = 11.589573, Yaw = 168.914157
Roll = 5.600077, Pitch = 11.589573, Yaw = 168.914157
Roll = 5.651334, Pitch = 11.949920, Yaw = 168.902438
Roll = 5.651334, Pitch = 11.949920, Yaw = 168.902438
Roll = 5.646203, Pitch = 12.260660, Yaw = 168.870135
Roll = 5.646203, Pitch = 12.260660, Yaw = 168.870135
Roll = 5.563053, Pitch = 12.570228, Yaw = 168.805514
Roll = 5.563053, Pitch = 12.570228, Yaw = 168.805514
Roll = 5.461522, Pitch = 12.863907, Yaw = 168.727801
Roll = 5.461522, Pitch = 12.863907, Yaw = 168.727801
Roll = 5.396012, Pitch = 13.117571, Yaw = 168.659152
Roll = 5.396012, Pitch = 13.117571, Yaw = 168.659152
Roll = 5.337011, Pitch = 13.313806, Yaw = 168.589175
Roll = 5.337011, Pitch = 13.313806, Yaw = 168.589175
Roll = 5.241666, Pitch = 13.492301, Yaw = 168.517001
Roll = 5.241666, Pitch = 13.492301, Yaw = 168.517001
Roll = 5.173044, Pitch = 13.692120, Yaw = 168.492816
Roll = 5.173044, Pitch = 13.692120, Yaw = 168.492816
Roll = 5.162199, Pitch = 13.874584, Yaw = 168.525363
Roll = 5.162199, Pitch = 13.874584, Yaw = 168.525363
Roll = 5.173459, Pitch = 14.009274, Yaw = 168.596499
Roll = 5.173459, Pitch = 14.009274, Yaw = 168.596499
Roll = 5.186635, Pitch = 14.095015, Yaw = 168.666156
Roll = 5.186635, Pitch = 14.095015, Yaw = 168.666156
Roll = 5.175891, Pitch = 14.122314, Yaw = 168.698871
Roll = 5.175891, Pitch = 14.122314, Yaw = 168.698871
Roll = 5.141678, Pitch = 14.077951, Yaw = 168.700641
Roll = 5.141678, Pitch = 14.077951, Yaw = 168.700641
Roll = 5.089568, Pitch = 13.936136, Yaw = 168.674182
Roll = 5.089568, Pitch = 13.936136, Yaw = 168.674182
Roll = 4.996279, Pitch = 13.689915, Yaw = 168.592670
Roll = 4.996279, Pitch = 13.689915, Yaw = 168.592670
Roll = 4.843011, Pitch = 13.290929, Yaw = 168.478915
Roll = 4.843011, Pitch = 13.290929, Yaw = 168.478915
Roll = 4.678230, Pitch = 12.750669, Yaw = 168.384570
Roll = 4.678230, Pitch = 12.750669, Yaw = 168.384570
Roll = 4.429345, Pitch = 12.132412, Yaw = 168.263583
Roll = 4.429345, Pitch = 12.132412, Yaw = 168.263583
Roll = 4.033901, Pitch = 11.397563, Yaw = 168.053668
Roll = 4.033901, Pitch = 11.397563, Yaw = 168.053668
Roll = 3.575688, Pitch = 10.550863, Yaw = 167.768741
Roll = 3.575688, Pitch = 10.550863, Yaw = 167.768741
Roll = 3.082667, Pitch = 9.656533, Yaw = 167.462543
Roll = 3.082667, Pitch = 9.656533, Yaw = 167.462543
Roll = 2.578312, Pitch = 8.741642, Yaw = 167.216556
Roll = 2.578312, Pitch = 8.741642, Yaw = 167.216556
Roll = 2.211010, Pitch = 7.809724, Yaw = 167.103259
Roll = 2.211010, Pitch = 7.809724, Yaw = 167.103259
Roll = 1.997041, Pitch = 6.841956, Yaw = 167.095050
Roll = 1.997041, Pitch = 6.841956, Yaw = 167.095050
Roll = 1.914738, Pitch = 5.804524, Yaw = 167.160327
Roll = 1.914738, Pitch = 5.804524, Yaw = 167.160327
Roll = 1.960675, Pitch = 4.644414, Yaw = 167.308764
Roll = 1.960675, Pitch = 4.644414, Yaw = 167.308764
Roll = 2.133150, Pitch = 3.295593, Yaw = 167.533404
Roll = 2.133150, Pitch = 3.295593, Yaw = 167.533404
Roll = 2.434087, Pitch = 1.699398, Yaw = 167.791522
Roll = 2.434087, Pitch = 1.699398, Yaw = 167.791522
Roll = 2.876184, Pitch = -0.167285, Yaw = 168.041965
Roll = 2.876184, Pitch = -0.167285, Yaw = 168.041965
Roll = 3.463857, Pitch = -2.260821, Yaw = 168.247546
Roll = 3.463857, Pitch = -2.260821, Yaw = 168.247546
Roll = 4.098887, Pitch = -4.475974, Yaw = 168.391940
Roll = 4.098887, Pitch = -4.475974, Yaw = 168.391940
Roll = 4.490839, Pitch = -6.613373, Yaw = 168.371737
Roll = 4.490839, Pitch = -6.613373, Yaw = 168.371737
Roll = 4.458623, Pitch = -8.796144, Yaw = 168.206454
Roll = 4.458623, Pitch = -8.796144, Yaw = 168.206454
Roll = 4.064772, Pitch = -11.117904, Yaw = 168.078097
Roll = 4.064772, Pitch = -11.117904, Yaw = 168.078097
Roll = 3.474001, Pitch = -13.430485, Yaw = 168.083392
Roll = 3.474001, Pitch = -13.430485, Yaw = 168.083392
Roll = 2.781178, Pitch = -15.588805, Yaw = 168.167590
Roll = 2.781178, Pitch = -15.588805, Yaw = 168.167590
Roll = 2.123901, Pitch = -17.586222, Yaw = 168.268451
Roll = 2.123901, Pitch = -17.586222, Yaw = 168.268451
Roll = 1.634537, Pitch = -19.481697, Yaw = 168.411654
Roll = 1.634537, Pitch = -19.481697, Yaw = 168.411654
Roll = 1.284708, Pitch = -21.290762, Yaw = 168.557651
Roll = 1.284708, Pitch = -21.290762, Yaw = 168.557651
Roll = 1.091204, Pitch = -23.065182, Yaw = 168.609317
Roll = 1.091204, Pitch = -23.065182, Yaw = 168.609317
Roll = 0.996492, Pitch = -24.912272, Yaw = 168.564624
Roll = 0.996492, Pitch = -24.912272, Yaw = 168.564624
Roll = 0.983529, Pitch = -26.737814, Yaw = 168.569079
Roll = 0.983529, Pitch = -26.737814, Yaw = 168.569079
Roll = 0.901842, Pitch = -28.582629, Yaw = 168.709292
Roll = 0.901842, Pitch = -28.582629, Yaw = 168.709292
Roll = 0.694873, Pitch = -30.461108, Yaw = 169.041278
Roll = 0.694873, Pitch = -30.461108, Yaw = 169.041278
Roll = 0.390686, Pitch = -32.332226, Yaw = 169.605853
Roll = 0.390686, Pitch = -32.332226, Yaw = 169.605853
Roll = 0.021351, Pitch = -34.192792, Yaw = 170.353641
Roll = 0.021351, Pitch = -34.192792, Yaw = 170.353641
Roll = -0.381827, Pitch = -36.028103, Yaw = 171.221423
Roll = -0.381827, Pitch = -36.028103, Yaw = 171.221423
Roll = -0.791376, Pitch = -37.776158, Yaw = 172.126514
Roll = -0.791376, Pitch = -37.776158, Yaw = 172.126514
Roll = -1.279624, Pitch = -39.328423, Yaw = 172.850558
Roll = -1.279624, Pitch = -39.328423, Yaw = 172.850558
Roll = -1.840273, Pitch = -40.838357, Yaw = 173.247638
Roll = -1.840273, Pitch = -40.838357, Yaw = 173.247638
Roll = -2.235752, Pitch = -42.409520, Yaw = 173.400531
Roll = -2.235752, Pitch = -42.409520, Yaw = 173.400531
Roll = -2.386542, Pitch = -43.938756, Yaw = 173.331180
Roll = -2.386542, Pitch = -43.938756, Yaw = 173.331180
Roll = -2.441621, Pitch = -45.500443, Yaw = 173.152698
Roll = -2.441621, Pitch = -45.500443, Yaw = 173.152698
Roll = -2.351612, Pitch = -46.983666, Yaw = 172.896854
Roll = -2.351612, Pitch = -46.983666, Yaw = 172.896854
Roll = -2.159194, Pitch = -48.365464, Yaw = 172.699878
Roll = -2.159194, Pitch = -48.365464, Yaw = 172.699878
Roll = -1.933562, Pitch = -49.681962, Yaw = 172.568561
Roll = -1.933562, Pitch = -49.681962, Yaw = 172.568561
Roll = -1.756166, Pitch = -50.935101, Yaw = 172.511355
Roll = -1.756166, Pitch = -50.935101, Yaw = 172.511355
Roll = -1.689295, Pitch = -52.166879, Yaw = 172.551837
Roll = -1.689295, Pitch = -52.166879, Yaw = 172.551837
Roll = -1.691245, Pitch = -53.398061, Yaw = 172.680804
Roll = -1.691245, Pitch = -53.398061, Yaw = 172.680804
Roll = -1.746403, Pitch = -54.580976, Yaw = 172.928500
Roll = -1.746403, Pitch = -54.580976, Yaw = 172.928500
Roll = -1.865747, Pitch = -55.784448, Yaw = 173.308673
Roll = -1.865747, Pitch = -55.784448, Yaw = 173.308673
Roll = -1.892375, Pitch = -56.888280, Yaw = 173.738177
Roll = -1.892375, Pitch = -56.888280, Yaw = 173.738177
Roll = -1.767892, Pitch = -57.923005, Yaw = 174.223605
Roll = -1.767892, Pitch = -57.923005, Yaw = 174.223605
Roll = -1.484298, Pitch = -58.924932, Yaw = 174.699817
Roll = -1.484298, Pitch = -58.924932, Yaw = 174.699817
Roll = -1.031873, Pitch = -59.948518, Yaw = 175.035617
Roll = -1.031873, Pitch = -59.948518, Yaw = 175.035617
Roll = -0.388616, Pitch = -60.986680, Yaw = 175.128726
Roll = -0.388616, Pitch = -60.986680, Yaw = 175.128726
Roll = 0.392296, Pitch = -62.044709, Yaw = 174.964954
Roll = 0.392296, Pitch = -62.044709, Yaw = 174.964954
Roll = 1.192164, Pitch = -63.076055, Yaw = 174.577029
Roll = 1.192164, Pitch = -63.076055, Yaw = 174.577029
Roll = 1.845564, Pitch = -64.039682, Yaw = 174.021365
Roll = 1.845564, Pitch = -64.039682, Yaw = 174.021365
Roll = 2.337465, Pitch = -64.961671, Yaw = 173.327304
Roll = 2.337465, Pitch = -64.961671, Yaw = 173.327304
Roll = 2.797351, Pitch = -65.799684, Yaw = 172.491473
Roll = 2.797351, Pitch = -65.799684, Yaw = 172.491473
Roll = 3.353803, Pitch = -66.482362, Yaw = 171.514590
Roll = 3.353803, Pitch = -66.482362, Yaw = 171.514590
Roll = 4.027027, Pitch = -67.038461, Yaw = 170.372439
Roll = 4.027027, Pitch = -67.038461, Yaw = 170.372439
Roll = 4.778394, Pitch = -67.480340, Yaw = 169.128421
Roll = 4.778394, Pitch = -67.480340, Yaw = 169.128421
Roll = 5.468755, Pitch = -67.827821, Yaw = 167.964450
Roll = 5.468755, Pitch = -67.827821, Yaw = 167.964450
Roll = 5.885663, Pitch = -68.096963, Yaw = 167.112414
Roll = 5.885663, Pitch = -68.096963, Yaw = 167.112414
Roll = 5.942561, Pitch = -68.282747, Yaw = 166.710803
Roll = 5.942561, Pitch = -68.282747, Yaw = 166.710803
Roll = 5.806341, Pitch = -68.397386, Yaw = 166.642169
Roll = 5.806341, Pitch = -68.397386, Yaw = 166.642169
Roll = 5.729350, Pitch = -68.465585, Yaw = 166.636569
Roll = 5.729350, Pitch = -68.465585, Yaw = 166.636569
Roll = 5.709479, Pitch = -68.554498, Yaw = 166.598086
Roll = 5.709479, Pitch = -68.554498, Yaw = 166.598086
Roll = 5.787179, Pitch = -68.663972, Yaw = 166.465915
Roll = 5.787179, Pitch = -68.663972, Yaw = 166.465915
Roll = 6.063633, Pitch = -68.733590, Yaw = 166.146838
Roll = 6.063633, Pitch = -68.733590, Yaw = 166.146838
Roll = 6.399284, Pitch = -68.752656, Yaw = 165.758334
Roll = 6.399284, Pitch = -68.752656, Yaw = 165.758334
Roll = 6.743554, Pitch = -68.709245, Yaw = 165.310260
Roll = 6.743554, Pitch = -68.709245, Yaw = 165.310260
Roll = 7.082060, Pitch = -68.575662, Yaw = 164.753695
Roll = 7.082060, Pitch = -68.575662, Yaw = 164.753695
Roll = 7.479465, Pitch = -68.335710, Yaw = 164.029925
Roll = 7.479465, Pitch = -68.335710, Yaw = 164.029925
Roll = 7.974346, Pitch = -67.989022, Yaw = 163.144427
Roll = 7.974346, Pitch = -67.989022, Yaw = 163.144427
Roll = 8.458138, Pitch = -67.540368, Yaw = 162.207446
Roll = 8.458138, Pitch = -67.540368, Yaw = 162.207446
Roll = 8.804005, Pitch = -66.985467, Yaw = 161.312091
Roll = 8.804005, Pitch = -66.985467, Yaw = 161.312091
Roll = 8.931374, Pitch = -66.323480, Yaw = 160.511828
Roll = 8.931374, Pitch = -66.323480, Yaw = 160.511828
Roll = 8.813469, Pitch = -65.557374, Yaw = 159.851901
Roll = 8.813469, Pitch = -65.557374, Yaw = 159.851901
Roll = 8.287987, Pitch = -64.809999, Yaw = 159.502902
Roll = 8.287987, Pitch = -64.809999, Yaw = 159.502902
Roll = 7.428750, Pitch = -63.953126, Yaw = 159.388644
Roll = 7.428750, Pitch = -63.953126, Yaw = 159.388644
Roll = 6.375428, Pitch = -62.921315, Yaw = 159.526522
Roll = 6.375428, Pitch = -62.921315, Yaw = 159.526522
Roll = 5.227270, Pitch = -61.789048, Yaw = 159.834689
Roll = 5.227270, Pitch = -61.789048, Yaw = 159.834689
Roll = 4.065991, Pitch = -60.618219, Yaw = 160.173999
Roll = 4.065991, Pitch = -60.618219, Yaw = 160.173999
Roll = 2.940729, Pitch = -59.358811, Yaw = 160.463000
Roll = 2.940729, Pitch = -59.358811, Yaw = 160.463000
Roll = 1.874569, Pitch = -57.951604, Yaw = 160.678546
Roll = 1.874569, Pitch = -57.951604, Yaw = 160.678546
Roll = 0.806618, Pitch = -56.499585, Yaw = 160.894702
Roll = 0.806618, Pitch = -56.499585, Yaw = 160.894702
Roll = -0.334261, Pitch = -55.016740, Yaw = 161.232608
Roll = -0.334261, Pitch = -55.016740, Yaw = 161.232608
Roll = -1.601455, Pitch = -53.531159, Yaw = 161.722339
Roll = -1.601455, Pitch = -53.531159, Yaw = 161.722339
Roll = -2.860426, Pitch = -51.975614, Yaw = 162.158938
Roll = -2.860426, Pitch = -51.975614, Yaw = 162.158938
Roll = -4.076169, Pitch = -50.368524, Yaw = 162.558139
Roll = -4.076169, Pitch = -50.368524, Yaw = 162.558139
Roll = -5.192004, Pitch = -48.777490, Yaw = 162.893435
Roll = -5.192004, Pitch = -48.777490, Yaw = 162.893435
Roll = -6.193907, Pitch = -47.189404, Yaw = 163.046801
Roll = -6.193907, Pitch = -47.189404, Yaw = 163.046801
Roll = -7.026802, Pitch = -45.570988, Yaw = 162.875567
Roll = -7.026802, Pitch = -45.570988, Yaw = 162.875567
Roll = -7.593849, Pitch = -43.955972, Yaw = 162.458102
Roll = -7.593849, Pitch = -43.955972, Yaw = 162.458102
Roll = -7.805857, Pitch = -42.370625, Yaw = 161.883349
Roll = -7.805857, Pitch = -42.370625, Yaw = 161.883349
Roll = -7.737450, Pitch = -40.848782, Yaw = 161.236422
Roll = -7.737450, Pitch = -40.848782, Yaw = 161.236422
Roll = -7.674804, Pitch = -39.434052, Yaw = 160.727298
Roll = -7.674804, Pitch = -39.434052, Yaw = 160.727298
Roll = -7.890493, Pitch = -38.057782, Yaw = 160.552676
Roll = -7.890493, Pitch = -38.057782, Yaw = 160.552676
Roll = -8.360346, Pitch = -36.692143, Yaw = 160.636752
Roll = -8.360346, Pitch = -36.692143, Yaw = 160.636752
Roll = -8.931551, Pitch = -35.350716, Yaw = 160.827548
Roll = -8.931551, Pitch = -35.350716, Yaw = 160.827548
Roll = -9.515279, Pitch = -34.049714, Yaw = 160.976931
Roll = -9.515279, Pitch = -34.049714, Yaw = 160.976931
Roll = -10.127645, Pitch = -32.832856, Yaw = 161.009356
Roll = -10.127645, Pitch = -32.832856, Yaw = 161.009356
Roll = -10.794403, Pitch = -31.741816, Yaw = 161.022586
Roll = -10.794403, Pitch = -31.741816, Yaw = 161.022586
Roll = -11.388310, Pitch = -30.699856, Yaw = 161.042910
Roll = -11.388310, Pitch = -30.699856, Yaw = 161.042910
Roll = -11.800002, Pitch = -29.658848, Yaw = 161.043582
Roll = -11.800002, Pitch = -29.658848, Yaw = 161.043582
Roll = -12.078167, Pitch = -28.637753, Yaw = 161.005465
Roll = -12.078167, Pitch = -28.637753, Yaw = 161.005465
Roll = -12.287461, Pitch = -27.654511, Yaw = 160.955035
Roll = -12.287461, Pitch = -27.654511, Yaw = 160.955035
Roll = -12.448497, Pitch = -26.693640, Yaw = 160.889682
Roll = -12.448497, Pitch = -26.693640, Yaw = 160.889682
Roll = -12.600752, Pitch = -25.688464, Yaw = 160.722400
Roll = -12.600752, Pitch = -25.688464, Yaw = 160.722400
Roll = -12.757207, Pitch = -24.641373, Yaw = 160.445712
Roll = -12.757207, Pitch = -24.641373, Yaw = 160.445712
Roll = -12.840077, Pitch = -23.585366, Yaw = 160.124194
Roll = -12.840077, Pitch = -23.585366, Yaw = 160.124194
Roll = -12.836628, Pitch = -22.550446, Yaw = 159.784488
Roll = -12.836628, Pitch = -22.550446, Yaw = 159.784488
Roll = -12.788763, Pitch = -21.562828, Yaw = 159.472476
Roll = -12.788763, Pitch = -21.562828, Yaw = 159.472476
Roll = -12.740912, Pitch = -20.604807, Yaw = 159.240878
Roll = -12.740912, Pitch = -20.604807, Yaw = 159.240878
Roll = -12.688757, Pitch = -19.637526, Yaw = 159.125430
Roll = -12.688757, Pitch = -19.637526, Yaw = 159.125430
Roll = -12.609352, Pitch = -18.677636, Yaw = 159.056567
Roll = -12.609352, Pitch = -18.677636, Yaw = 159.056567
Roll = -12.562177, Pitch = -17.755417, Yaw = 159.041140
Roll = -12.562177, Pitch = -17.755417, Yaw = 159.041140
Roll = -12.565008, Pitch = -16.797831, Yaw = 159.036654
Roll = -12.565008, Pitch = -16.797831, Yaw = 159.036654
Roll = -12.580938, Pitch = -15.860644, Yaw = 158.970645
Roll = -12.580938, Pitch = -15.860644, Yaw = 158.970645
Roll = -12.606775, Pitch = -14.963355, Yaw = 158.911746
Roll = -12.606775, Pitch = -14.963355, Yaw = 158.911746
Roll = -12.628728, Pitch = -14.031733, Yaw = 158.909167
Roll = -12.628728, Pitch = -14.031733, Yaw = 158.909167
Roll = -12.639560, Pitch = -13.118089, Yaw = 158.903460
Roll = -12.639560, Pitch = -13.118089, Yaw = 158.903460
Roll = -12.714169, Pitch = -12.305151, Yaw = 158.949984
Roll = -12.714169, Pitch = -12.305151, Yaw = 158.949984
Roll = -12.682553, Pitch = -11.439362, Yaw = 159.003390
Roll = -12.682553, Pitch = -11.439362, Yaw = 159.003390
Roll = -12.586320, Pitch = -10.578181, Yaw = 159.119738
Roll = -12.586320, Pitch = -10.578181, Yaw = 159.119738
Roll = -12.520787, Pitch = -9.719873, Yaw = 159.270297
Roll = -12.520787, Pitch = -9.719873, Yaw = 159.270297
Roll = -12.437877, Pitch = -8.862336, Yaw = 159.431933
Roll = -12.437877, Pitch = -8.862336, Yaw = 159.431933
Roll = -12.306071, Pitch = -8.021835, Yaw = 159.639819
Roll = -12.306071, Pitch = -8.021835, Yaw = 159.639819
Roll = -12.168504, Pitch = -7.194200, Yaw = 159.869891
Roll = -12.168504, Pitch = -7.194200, Yaw = 159.869891
Roll = -11.995327, Pitch = -6.355286, Yaw = 160.086078
Roll = -11.995327, Pitch = -6.355286, Yaw = 160.086078
Roll = -11.715970, Pitch = -5.512684, Yaw = 160.314380
Roll = -11.715970, Pitch = -5.512684, Yaw = 160.314380
Roll = -11.324125, Pitch = -4.647139, Yaw = 160.583529
Roll = -11.324125, Pitch = -4.647139, Yaw = 160.583529
Roll = -10.877325, Pitch = -3.801491, Yaw = 160.901965
Roll = -10.877325, Pitch = -3.801491, Yaw = 160.901965
Roll = -10.366533, Pitch = -3.012497, Yaw = 161.273044
Roll = -10.366533, Pitch = -3.012497, Yaw = 161.273044
Roll = -9.781695, Pitch = -2.324249, Yaw = 161.689044
Roll = -9.781695, Pitch = -2.324249, Yaw = 161.689044
Roll = -9.165821, Pitch = -1.714992, Yaw = 162.085711
Roll = -9.165821, Pitch = -1.714992, Yaw = 162.085711
Roll = -8.539513, Pitch = -1.129295, Yaw = 162.423617
Roll = -8.539513, Pitch = -1.129295, Yaw = 162.423617
Roll = -7.853535, Pitch = -0.530633, Yaw = 162.738696
Roll = -7.853535, Pitch = -0.530633, Yaw = 162.738696
Roll = -7.054338, Pitch = 0.051808, Yaw = 163.033923
Roll = -7.054338, Pitch = 0.051808, Yaw = 163.033923
Roll = -6.151029, Pitch = 0.531958, Yaw = 163.323123
Roll = -6.151029, Pitch = 0.531958, Yaw = 163.323123
Roll = -5.181684, Pitch = 0.903233, Yaw = 163.638293
Roll = -5.181684, Pitch = 0.903233, Yaw = 163.638293
Roll = -4.189516, Pitch = 1.177284, Yaw = 163.973437
Roll = -4.189516, Pitch = 1.177284, Yaw = 163.973437
Roll = -3.211493, Pitch = 1.373102, Yaw = 164.276156
Roll = -3.211493, Pitch = 1.373102, Yaw = 164.276156
Roll = -2.281815, Pitch = 1.451394, Yaw = 164.619327
Roll = -2.281815, Pitch = 1.451394, Yaw = 164.619327
Roll = -1.454289, Pitch = 1.445621, Yaw = 164.943042
Roll = -1.454289, Pitch = 1.445621, Yaw = 164.943042
Roll = -0.731533, Pitch = 1.373998, Yaw = 165.251788
Roll = -0.731533, Pitch = 1.373998, Yaw = 165.251788
Roll = -0.117939, Pitch = 1.231987, Yaw = 165.547610
Roll = -0.117939, Pitch = 1.231987, Yaw = 165.547610
Roll = 0.413243, Pitch = 1.002674, Yaw = 165.843570
Roll = 0.413243, Pitch = 1.002674, Yaw = 165.843570
Roll = 0.877541, Pitch = 0.669250, Yaw = 166.157565
Roll = 0.877541, Pitch = 0.669250, Yaw = 166.157565
Roll = 1.298196, Pitch = 0.232188, Yaw = 166.508426
Roll = 1.298196, Pitch = 0.232188, Yaw = 166.508426
Roll = 1.718354, Pitch = -0.306821, Yaw = 166.917575
Roll = 1.718354, Pitch = -0.306821, Yaw = 166.917575
Roll = 2.147296, Pitch = -0.938623, Yaw = 167.358340
Roll = 2.147296, Pitch = -0.938623, Yaw = 167.358340
Roll = 2.605389, Pitch = -1.673211, Yaw = 167.829257
Roll = 2.605389, Pitch = -1.673211, Yaw = 167.829257
Roll = 3.110873, Pitch = -2.477976, Yaw = 168.318240
Roll = 3.110873, Pitch = -2.477976, Yaw = 168.318240
Roll = 3.677897, Pitch = -3.350015, Yaw = 168.812259
Roll = 3.677897, Pitch = -3.350015, Yaw = 168.812259
Roll = 4.275713, Pitch = -4.267300, Yaw = 169.279254
Roll = 4.275713, Pitch = -4.267300, Yaw = 169.279254
Roll = 4.906131, Pitch = -5.233449, Yaw = 169.700870
Roll = 4.906131, Pitch = -5.233449, Yaw = 169.700870
Roll = 5.559681, Pitch = -6.236035, Yaw = 170.086108
Roll = 5.559681, Pitch = -6.236035, Yaw = 170.086108
Roll = 6.205542, Pitch = -7.277909, Yaw = 170.480517
Roll = 6.205542, Pitch = -7.277909, Yaw = 170.480517
Roll = 6.838406, Pitch = -8.343773, Yaw = 170.922397
Roll = 6.838406, Pitch = -8.343773, Yaw = 170.922397
Roll = 7.448303, Pitch = -9.451430, Yaw = 171.417422
Roll = 7.448303, Pitch = -9.451430, Yaw = 171.417422
Roll = 8.028318, Pitch = -10.588068, Yaw = 171.953281
Roll = 8.028318, Pitch = -10.588068, Yaw = 171.953281
Roll = 8.583224, Pitch = -11.748889, Yaw = 172.489474
Roll = 8.583224, Pitch = -11.748889, Yaw = 172.489474
Roll = 9.062138, Pitch = -12.881039, Yaw = 172.972400
Roll = 9.062138, Pitch = -12.881039, Yaw = 172.972400
Roll = 9.474797, Pitch = -13.993630, Yaw = 173.342136
Roll = 9.474797, Pitch = -13.993630, Yaw = 173.342136
Roll = 9.827233, Pitch = -15.088030, Yaw = 173.561252
Roll = 9.827233, Pitch = -15.088030, Yaw = 173.561252
Roll = 10.095924, Pitch = -16.189928, Yaw = 173.664920
Roll = 10.095924, Pitch = -16.189928, Yaw = 173.664920
Roll = 10.302033, Pitch = -17.291569, Yaw = 173.737094
Roll = 10.302033, Pitch = -17.291569, Yaw = 173.737094
Roll = 10.486902, Pitch = -18.391274, Yaw = 173.806811
Roll = 10.486902, Pitch = -18.391274, Yaw = 173.806811
Roll = 10.662138, Pitch = -19.534830, Yaw = 173.867648
Roll = 10.662138, Pitch = -19.534830, Yaw = 173.867648
Roll = 10.829401, Pitch = -20.678376, Yaw = 173.963306
Roll = 10.829401, Pitch = -20.678376, Yaw = 173.963306
Roll = 10.974821, Pitch = -21.798914, Yaw = 174.131198
Roll = 10.974821, Pitch = -21.798914, Yaw = 174.131198
Roll = 11.110333, Pitch = -22.969258, Yaw = 174.350619
Roll = 11.110333, Pitch = -22.969258, Yaw = 174.350619
Roll = 11.172054, Pitch = -24.128331, Yaw = 174.578281
Roll = 11.172054, Pitch = -24.128331, Yaw = 174.578281
Roll = 11.164958, Pitch = -25.162688, Yaw = 174.786319
Roll = 11.164958, Pitch = -25.162688, Yaw = 174.786319
Roll = 11.063246, Pitch = -26.142399, Yaw = 174.869998
Roll = 11.063246, Pitch = -26.142399, Yaw = 174.869998
Roll = 10.838157, Pitch = -27.106474, Yaw = 174.769626
Roll = 10.838157, Pitch = -27.106474, Yaw = 174.769626
Roll = 10.547374, Pitch = -28.053198, Yaw = 174.537051
Roll = 10.547374, Pitch = -28.053198, Yaw = 174.537051
Roll = 10.257411, Pitch = -28.971331, Yaw = 174.253070
Roll = 10.257411, Pitch = -28.971331, Yaw = 174.253070
Roll = 9.920686, Pitch = -29.928868, Yaw = 173.942538
Roll = 9.920686, Pitch = -29.928868, Yaw = 173.942538
Roll = 9.541626, Pitch = -30.928217, Yaw = 173.596332
Roll = 9.541626, Pitch = -30.928217, Yaw = 173.596332
Roll = 9.140292, Pitch = -31.976309, Yaw = 173.261493
Roll = 9.140292, Pitch = -31.976309, Yaw = 173.261493
Roll = 8.709413, Pitch = -33.118435, Yaw = 172.955203
Roll = 8.709413, Pitch = -33.118435, Yaw = 172.955203
Roll = 8.238149, Pitch = -34.316723, Yaw = 172.662311
Roll = 8.238149, Pitch = -34.316723, Yaw = 172.662311
Roll = 7.701114, Pitch = -35.521424, Yaw = 172.411090
Roll = 7.701114, Pitch = -35.521424, Yaw = 172.411090
Roll = 7.078043, Pitch = -36.751107, Yaw = 172.219653
Roll = 7.078043, Pitch = -36.751107, Yaw = 172.219653
Roll = 6.339011, Pitch = -38.039715, Yaw = 172.063281
Roll = 6.339011, Pitch = -38.039715, Yaw = 172.063281
Roll = 5.522547, Pitch = -39.353863, Yaw = 171.936786
Roll = 5.522547, Pitch = -39.353863, Yaw = 171.936786
Roll = 4.642654, Pitch = -40.601826, Yaw = 171.786655
Roll = 4.642654, Pitch = -40.601826, Yaw = 171.786655
Roll = 3.652950, Pitch = -41.743020, Yaw = 171.492206
Roll = 3.652950, Pitch = -41.743020, Yaw = 171.492206
Roll = 2.610532, Pitch = -42.891297, Yaw = 171.080737
Roll = 2.610532, Pitch = -42.891297, Yaw = 171.080737
Roll = 1.623559, Pitch = -44.009141, Yaw = 170.607425
Roll = 1.623559, Pitch = -44.009141, Yaw = 170.607425
Roll = 0.704528, Pitch = -45.053235, Yaw = 170.105517
Roll = 0.704528, Pitch = -45.053235, Yaw = 170.105517
Roll = -0.188320, Pitch = -46.060426, Yaw = 169.586444
Roll = -0.188320, Pitch = -46.060426, Yaw = 169.586444
Roll = -1.027145, Pitch = -46.995820, Yaw = 169.028415
Roll = -1.027145, Pitch = -46.995820, Yaw = 169.028415
Roll = -1.863708, Pitch = -47.902917, Yaw = 168.427493
Roll = -1.863708, Pitch = -47.902917, Yaw = 168.427493
Roll = -2.777162, Pitch = -48.770650, Yaw = 167.826053
Roll = -2.777162, Pitch = -48.770650, Yaw = 167.826053
Roll = -3.799178, Pitch = -49.537766, Yaw = 167.277057
Roll = -3.799178, Pitch = -49.537766, Yaw = 167.277057
Roll = -4.943481, Pitch = -50.230950, Yaw = 166.824359
Roll = -4.943481, Pitch = -50.230950, Yaw = 166.824359
Roll = -6.232062, Pitch = -50.849187, Yaw = 166.541507
Roll = -6.232062, Pitch = -50.849187, Yaw = 166.541507
Roll = -7.681722, Pitch = -51.337159, Yaw = 166.443881
Roll = -7.681722, Pitch = -51.337159, Yaw = 166.443881
Roll = -9.205422, Pitch = -51.624749, Yaw = 166.446536
Roll = -9.205422, Pitch = -51.624749, Yaw = 166.446536
Roll = -10.687472, Pitch = -51.743565, Yaw = 166.456073
Roll = -10.687472, Pitch = -51.743565, Yaw = 166.456073
Roll = -12.086477, Pitch = -51.702962, Yaw = 166.415942
Roll = -12.086477, Pitch = -51.702962, Yaw = 166.415942
Roll = -13.535004, Pitch = -51.518090, Yaw = 166.341586
Roll = -13.535004, Pitch = -51.518090, Yaw = 166.341586
Roll = -15.055588, Pitch = -51.206948, Yaw = 166.289569
Roll = -15.055588, Pitch = -51.206948, Yaw = 166.289569
Roll = -16.577765, Pitch = -50.786565, Yaw = 166.304004
Roll = -16.577765, Pitch = -50.786565, Yaw = 166.304004
Roll = -18.032311, Pitch = -50.238381, Yaw = 166.328479
Roll = -18.032311, Pitch = -50.238381, Yaw = 166.328479
Roll = -19.358569, Pitch = -49.620580, Yaw = 166.262622
Roll = -19.358569, Pitch = -49.620580, Yaw = 166.262622
Roll = -20.519030, Pitch = -49.025388, Yaw = 166.102801
Roll = -20.519030, Pitch = -49.025388, Yaw = 166.102801
Roll = -21.579157, Pitch = -48.457646, Yaw = 165.865924
Roll = -21.579157, Pitch = -48.457646, Yaw = 165.865924
Roll = -22.505499, Pitch = -47.885949, Yaw = 165.539813
Roll = -22.505499, Pitch = -47.885949, Yaw = 165.539813
Roll = -23.310954, Pitch = -47.295544, Yaw = 165.127307
Roll = -23.310954, Pitch = -47.295544, Yaw = 165.127307
Roll = -24.012705, Pitch = -46.704724, Yaw = 164.632892
Roll = -24.012705, Pitch = -46.704724, Yaw = 164.632892
Roll = -24.628067, Pitch = -46.115937, Yaw = 164.042056
Roll = -24.628067, Pitch = -46.115937, Yaw = 164.042056
Roll = -25.144982, Pitch = -45.534451, Yaw = 163.355655
Roll = -25.144982, Pitch = -45.534451, Yaw = 163.355655
Roll = -25.531567, Pitch = -44.950707, Yaw = 162.612643
Roll = -25.531567, Pitch = -44.950707, Yaw = 162.612643
Roll = -25.936972, Pitch = -44.336922, Yaw = 161.976367
Roll = -25.936972, Pitch = -44.336922, Yaw = 161.976367
Roll = -26.503190, Pitch = -43.618508, Yaw = 161.572848
Roll = -26.503190, Pitch = -43.618508, Yaw = 161.572848
Roll = -27.217110, Pitch = -42.762688, Yaw = 161.421008
Roll = -27.217110, Pitch = -42.762688, Yaw = 161.421008
Roll = -27.987586, Pitch = -41.783295, Yaw = 161.388766
Roll = -27.987586, Pitch = -41.783295, Yaw = 161.388766
Roll = -28.732872, Pitch = -40.741288, Yaw = 161.330310
Roll = -28.732872, Pitch = -40.741288, Yaw = 161.330310
Roll = -29.387484, Pitch = -39.694207, Yaw = 161.141192
Roll = -29.387484, Pitch = -39.694207, Yaw = 161.141192
Roll = -29.922762, Pitch = -38.682896, Yaw = 160.859988
Roll = -29.922762, Pitch = -38.682896, Yaw = 160.859988
Roll = -30.327639, Pitch = -37.696881, Yaw = 160.553180
Roll = -30.327639, Pitch = -37.696881, Yaw = 160.553180
Roll = -30.609839, Pitch = -36.737210, Yaw = 160.244418
Roll = -30.609839, Pitch = -36.737210, Yaw = 160.244418
Roll = -30.778424, Pitch = -35.806004, Yaw = 159.927325
Roll = -30.778424, Pitch = -35.806004, Yaw = 159.927325
Roll = -30.856177, Pitch = -34.912846, Yaw = 159.582003
Roll = -30.856177, Pitch = -34.912846, Yaw = 159.582003
Roll = -30.881598, Pitch = -34.067414, Yaw = 159.202395
Roll = -30.881598, Pitch = -34.067414, Yaw = 159.202395
Roll = -30.853533, Pitch = -33.269578, Yaw = 158.797900
Roll = -30.853533, Pitch = -33.269578, Yaw = 158.797900
Roll = -30.783278, Pitch = -32.521817, Yaw = 158.353000
Roll = -30.783278, Pitch = -32.521817, Yaw = 158.353000
Roll = -30.753483, Pitch = -31.765954, Yaw = 157.848498
Roll = -30.753483, Pitch = -31.765954, Yaw = 157.848498
Roll = -30.744912, Pitch = -31.226315, Yaw = 157.325167
Roll = -30.744912, Pitch = -31.226315, Yaw = 157.325167
Roll = -30.754250, Pitch = -30.633030, Yaw = 156.882037
Roll = -30.754250, Pitch = -30.633030, Yaw = 156.882037
Roll = -30.837679, Pitch = -29.955670, Yaw = 156.599383
Roll = -30.837679, Pitch = -29.955670, Yaw = 156.599383
Roll = -30.924386, Pitch = -29.209353, Yaw = 156.363314
Roll = -30.924386, Pitch = -29.209353, Yaw = 156.363314
Roll = -30.971610, Pitch = -28.435053, Yaw = 156.162738
Roll = -30.971610, Pitch = -28.435053, Yaw = 156.162738
Roll = -31.069981, Pitch = -27.648962, Yaw = 155.979144
Roll = -31.069981, Pitch = -27.648962, Yaw = 155.979144
Roll = -31.245825, Pitch = -26.845246, Yaw = 155.725634
Roll = -31.245825, Pitch = -26.845246, Yaw = 155.725634
Roll = -31.425408, Pitch = -26.020573, Yaw = 155.414264
Roll = -31.425408, Pitch = -26.020573, Yaw = 155.414264
Roll = -31.492678, Pitch = -25.159762, Yaw = 155.100375
Roll = -31.492678, Pitch = -25.159762, Yaw = 155.100375
Roll = -31.423865, Pitch = -24.277781, Yaw = 154.782138
Roll = -31.423865, Pitch = -24.277781, Yaw = 154.782138
Roll = -31.169627, Pitch = -23.377770, Yaw = 154.474276
Roll = -31.169627, Pitch = -23.377770, Yaw = 154.474276
Roll = -30.600098, Pitch = -22.470751, Yaw = 154.170153
Roll = -30.600098, Pitch = -22.470751, Yaw = 154.170153
Roll = -29.719290, Pitch = -21.610991, Yaw = 153.787356
Roll = -29.719290, Pitch = -21.610991, Yaw = 153.787356
Roll = -28.663603, Pitch = -20.817623, Yaw = 153.362399
Roll = -28.663603, Pitch = -20.817623, Yaw = 153.362399
Roll = -27.555380, Pitch = -20.020460, Yaw = 152.944796
Roll = -27.555380, Pitch = -20.020460, Yaw = 152.944796
Roll = -26.450703, Pitch = -19.214066, Yaw = 152.640628
Roll = -26.450703, Pitch = -19.214066, Yaw = 152.640628
Roll = -25.366143, Pitch = -18.372080, Yaw = 152.502810
Roll = -25.366143, Pitch = -18.372080, Yaw = 152.502810
Roll = -24.353836, Pitch = -17.478070, Yaw = 152.515216
Roll = -24.353836, Pitch = -17.478070, Yaw = 152.515216
Roll = -23.472861, Pitch = -16.589106, Yaw = 152.647753
Roll = -23.472861, Pitch = -16.589106, Yaw = 152.647753
Roll = -22.743685, Pitch = -15.718830, Yaw = 152.790850
Roll = -22.743685, Pitch = -15.718830, Yaw = 152.790850
Roll = -22.078308, Pitch = -14.932901, Yaw = 152.868579
Roll = -22.078308, Pitch = -14.932901, Yaw = 152.868579
Roll = -21.489634, Pitch = -14.217943, Yaw = 152.854205
Roll = -21.489634, Pitch = -14.217943, Yaw = 152.854205
Roll = -20.937819, Pitch = -13.570163, Yaw = 152.791674
Roll = -20.937819, Pitch = -13.570163, Yaw = 152.791674
Roll = -20.410056, Pitch = -12.942023, Yaw = 152.725039
Roll = -20.410056, Pitch = -12.942023, Yaw = 152.725039
Roll = -19.845187, Pitch = -12.302250, Yaw = 152.668490
Roll = -19.845187, Pitch = -12.302250, Yaw = 152.668490
Roll = -19.214604, Pitch = -11.678562, Yaw = 152.661990
Roll = -19.214604, Pitch = -11.678562, Yaw = 152.661990
Roll = -18.545782, Pitch = -11.068862, Yaw = 152.751712
Roll = -18.545782, Pitch = -11.068862, Yaw = 152.751712
Roll = -17.843163, Pitch = -10.458864, Yaw = 152.955569
Roll = -17.843163, Pitch = -10.458864, Yaw = 152.955569
Roll = -17.081599, Pitch = -9.864844, Yaw = 153.267291
Roll = -17.081599, Pitch = -9.864844, Yaw = 153.267291
Roll = -16.210503, Pitch = -9.323095, Yaw = 153.629107
Roll = -16.210503, Pitch = -9.323095, Yaw = 153.629107
Roll = -15.292445, Pitch = -8.846815, Yaw = 154.023013
Roll = -15.292445, Pitch = -8.846815, Yaw = 154.023013
Roll = -14.376246, Pitch = -8.427544, Yaw = 154.456622
Roll = -14.376246, Pitch = -8.427544, Yaw = 154.456622
Roll = -13.449658, Pitch = -8.068554, Yaw = 154.939349
Roll = -13.449658, Pitch = -8.068554, Yaw = 154.939349
Roll = -12.561510, Pitch = -7.756620, Yaw = 155.431033
Roll = -12.561510, Pitch = -7.756620, Yaw = 155.431033
Roll = -11.831406, Pitch = -7.532385, Yaw = 155.889422
Roll = -11.831406, Pitch = -7.532385, Yaw = 155.889422
Roll = -11.064253, Pitch = -7.294131, Yaw = 156.352710
Roll = -11.064253, Pitch = -7.294131, Yaw = 156.352710
Roll = -10.213619, Pitch = -7.015573, Yaw = 156.820895
Roll = -10.213619, Pitch = -7.015573, Yaw = 156.820895
Roll = -9.375580, Pitch = -6.791490, Yaw = 157.315905
Roll = -9.375580, Pitch = -6.791490, Yaw = 157.315905
Roll = -8.543618, Pitch = -6.622925, Yaw = 157.828982
Roll = -8.543618, Pitch = -6.622925, Yaw = 157.828982
Roll = -7.700393, Pitch = -6.490655, Yaw = 158.360888
Roll = -7.700393, Pitch = -6.490655, Yaw = 158.360888
Roll = -6.852132, Pitch = -6.394935, Yaw = 158.917514
Roll = -6.852132, Pitch = -6.394935, Yaw = 158.917514
Roll = -6.022157, Pitch = -6.326641, Yaw = 159.477710
Roll = -6.022157, Pitch = -6.326641, Yaw = 159.477710
Roll = -5.201554, Pitch = -6.297908, Yaw = 160.027850
Roll = -5.201554, Pitch = -6.297908, Yaw = 160.027850
Roll = -4.355560, Pitch = -6.296873, Yaw = 160.565066
Roll = -4.355560, Pitch = -6.296873, Yaw = 160.565066
Roll = -3.519868, Pitch = -6.328210, Yaw = 161.117556
Roll = -3.519868, Pitch = -6.328210, Yaw = 161.117556
Roll = -2.692913, Pitch = -6.388330, Yaw = 161.714953
Roll = -2.692913, Pitch = -6.388330, Yaw = 161.714953
Roll = -1.839008, Pitch = -6.487833, Yaw = 162.354892
Roll = -1.839008, Pitch = -6.487833, Yaw = 162.354892
Roll = -0.965255, Pitch = -6.644586, Yaw = 163.013232
Roll = -0.965255, Pitch = -6.644586, Yaw = 163.013232
Roll = -0.100869, Pitch = -6.860882, Yaw = 163.673770
Roll = -0.100869, Pitch = -6.860882, Yaw = 163.673770
Roll = 0.762525, Pitch = -7.165931, Yaw = 164.350253
Roll = 0.762525, Pitch = -7.165931, Yaw = 164.350253
Roll = 1.635347, Pitch = -7.554988, Yaw = 165.056155
Roll = 1.635347, Pitch = -7.554988, Yaw = 165.056155
Roll = 2.494407, Pitch = -8.033563, Yaw = 165.808276
Roll = 2.494407, Pitch = -8.033563, Yaw = 165.808276
Roll = 3.298951, Pitch = -8.561705, Yaw = 166.577304
Roll = 3.298951, Pitch = -8.561705, Yaw = 166.577304
Roll = 3.988154, Pitch = -9.116068, Yaw = 167.225650
Roll = 3.988154, Pitch = -9.116068, Yaw = 167.225650
Roll = 4.576881, Pitch = -9.739876, Yaw = 167.684009
Roll = 4.576881, Pitch = -9.739876, Yaw = 167.684009
Roll = 5.145048, Pitch = -10.426373, Yaw = 167.996142
Roll = 5.145048, Pitch = -10.426373, Yaw = 167.996142
Roll = 5.674383, Pitch = -11.138691, Yaw = 168.208499
Roll = 5.674383, Pitch = -11.138691, Yaw = 168.208499
Roll = 6.176238, Pitch = -11.893748, Yaw = 168.399676
Roll = 6.176238, Pitch = -11.893748, Yaw = 168.399676
Roll = 6.666753, Pitch = -12.666298, Yaw = 168.613711
Roll = 6.666753, Pitch = -12.666298, Yaw = 168.613711
Roll = 7.130197, Pitch = -13.453418, Yaw = 168.865481
Roll = 7.130197, Pitch = -13.453418, Yaw = 168.865481
Roll = 7.565405, Pitch = -14.262213, Yaw = 169.151431
Roll = 7.565405, Pitch = -14.262213, Yaw = 169.151431
Roll = 7.992349, Pitch = -15.113189, Yaw = 169.440143
Roll = 7.992349, Pitch = -15.113189, Yaw = 169.440143
Roll = 8.438383, Pitch = -16.021721, Yaw = 169.697024
Roll = 8.438383, Pitch = -16.021721, Yaw = 169.697024
Roll = 8.910903, Pitch = -16.995734, Yaw = 169.912265
Roll = 8.910903, Pitch = -16.995734, Yaw = 169.912265
Roll = 9.337525, Pitch = -18.023129, Yaw = 170.115390
Roll = 9.337525, Pitch = -18.023129, Yaw = 170.115390
Roll = 9.704939, Pitch = -19.026738, Yaw = 170.297320
Roll = 9.704939, Pitch = -19.026738, Yaw = 170.297320
Roll = 9.951797, Pitch = -20.078774, Yaw = 170.433154
Roll = 9.951797, Pitch = -20.078774, Yaw = 170.433154
Roll = 10.073920, Pitch = -21.181303, Yaw = 170.472034
Roll = 10.073920, Pitch = -21.181303, Yaw = 170.472034
Roll = 10.087684, Pitch = -22.278979, Yaw = 170.438571
Roll = 10.087684, Pitch = -22.278979, Yaw = 170.438571
Roll = 10.007548, Pitch = -23.398817, Yaw = 170.379657
Roll = 10.007548, Pitch = -23.398817, Yaw = 170.379657
Roll = 9.834218, Pitch = -24.552718, Yaw = 170.389300
Roll = 9.834218, Pitch = -24.552718, Yaw = 170.389300
Roll = 9.623086, Pitch = -25.644810, Yaw = 170.503055
Roll = 9.623086, Pitch = -25.644810, Yaw = 170.503055
Roll = 9.351055, Pitch = -26.805075, Yaw = 170.671130
Roll = 9.351055, Pitch = -26.805075, Yaw = 170.671130
Roll = 9.030161, Pitch = -28.045447, Yaw = 170.854053
Roll = 9.030161, Pitch = -28.045447, Yaw = 170.854053
Roll = 8.679024, Pitch = -29.365857, Yaw = 171.047229
Roll = 8.679024, Pitch = -29.365857, Yaw = 171.047229
Roll = 8.305287, Pitch = -30.760741, Yaw = 171.212298
Roll = 8.305287, Pitch = -30.760741, Yaw = 171.212298
Roll = 7.935036, Pitch = -32.251061, Yaw = 171.337192
Roll = 7.935036, Pitch = -32.251061, Yaw = 171.337192
Roll = 7.550049, Pitch = -33.829732, Yaw = 171.398791
Roll = 7.550049, Pitch = -33.829732, Yaw = 171.398791
Roll = 7.137055, Pitch = -35.467137, Yaw = 171.414081
Roll = 7.137055, Pitch = -35.467137, Yaw = 171.414081
Roll = 6.649313, Pitch = -37.115853, Yaw = 171.411288
Roll = 6.649313, Pitch = -37.115853, Yaw = 171.411288
Roll = 6.054577, Pitch = -38.778176, Yaw = 171.461566
Roll = 6.054577, Pitch = -38.778176, Yaw = 171.461566
Roll = 5.377278, Pitch = -40.402295, Yaw = 171.552829
Roll = 5.377278, Pitch = -40.402295, Yaw = 171.552829
Roll = 4.649729, Pitch = -41.954087, Yaw = 171.612247
Roll = 4.649729, Pitch = -41.954087, Yaw = 171.612247
Roll = 3.919041, Pitch = -43.437329, Yaw = 171.610034
Roll = 3.919041, Pitch = -43.437329, Yaw = 171.610034
Roll = 3.308080, Pitch = -44.846753, Yaw = 171.553653
Roll = 3.308080, Pitch = -44.846753, Yaw = 171.553653
Roll = 2.883116, Pitch = -46.176968, Yaw = 171.404361
Roll = 2.883116, Pitch = -46.176968, Yaw = 171.404361
Roll = 2.583677, Pitch = -47.431435, Yaw = 171.074725
Roll = 2.583677, Pitch = -47.431435, Yaw = 171.074725
Roll = 2.388446, Pitch = -48.591782, Yaw = 170.576770
Roll = 2.388446, Pitch = -48.591782, Yaw = 170.576770
Roll = 2.257719, Pitch = -49.641648, Yaw = 169.998462
Roll = 2.257719, Pitch = -49.641648, Yaw = 169.998462
Roll = 2.134410, Pitch = -50.596448, Yaw = 169.449161
Roll = 2.134410, Pitch = -50.596448, Yaw = 169.449161
Roll = 1.996269, Pitch = -51.530492, Yaw = 168.926150
Roll = 1.996269, Pitch = -51.530492, Yaw = 168.926150
Roll = 1.836953, Pitch = -52.460336, Yaw = 168.429767
Roll = 1.836953, Pitch = -52.460336, Yaw = 168.429767
Roll = 1.646850, Pitch = -53.357106, Yaw = 167.961902
Roll = 1.646850, Pitch = -53.357106, Yaw = 167.961902
Roll = 1.402405, Pitch = -54.235402, Yaw = 167.522143
Roll = 1.402405, Pitch = -54.235402, Yaw = 167.522143
Roll = 1.141951, Pitch = -55.116460, Yaw = 167.054950
Roll = 1.141951, Pitch = -55.116460, Yaw = 167.054950
Roll = 0.925738, Pitch = -55.989266, Yaw = 166.522937
Roll = 0.925738, Pitch = -55.989266, Yaw = 166.522937
Roll = 0.812071, Pitch = -56.849439, Yaw = 165.938769
Roll = 0.812071, Pitch = -56.849439, Yaw = 165.938769
Roll = 0.859907, Pitch = -57.648397, Yaw = 165.285922
Roll = 0.859907, Pitch = -57.648397, Yaw = 165.285922
Roll = 1.033874, Pitch = -58.333047, Yaw = 164.595996
Roll = 1.033874, Pitch = -58.333047, Yaw = 164.595996
Roll = 1.222459, Pitch = -58.923619, Yaw = 163.997729
Roll = 1.222459, Pitch = -58.923619, Yaw = 163.997729
Roll = 1.332864, Pitch = -59.465543, Yaw = 163.578067
Roll = 1.332864, Pitch = -59.465543, Yaw = 163.578067
Roll = 1.372043, Pitch = -59.972909, Yaw = 163.268771
Roll = 1.372043, Pitch = -59.972909, Yaw = 163.268771
Roll = 1.410338, Pitch = -60.435853, Yaw = 162.903933
Roll = 1.410338, Pitch = -60.435853, Yaw = 162.903933
Roll = 1.511810, Pitch = -60.873509, Yaw = 162.360263
Roll = 1.511810, Pitch = -60.873509, Yaw = 162.360263
Roll = 1.733953, Pitch = -61.292905, Yaw = 161.599246
Roll = 1.733953, Pitch = -61.292905, Yaw = 161.599246
Roll = 2.130304, Pitch = -61.699887, Yaw = 160.626162
Roll = 2.130304, Pitch = -61.699887, Yaw = 160.626162
Roll = 2.659841, Pitch = -62.073197, Yaw = 159.481418
Roll = 2.659841, Pitch = -62.073197, Yaw = 159.481418
Roll = 3.224854, Pitch = -62.406716, Yaw = 158.258746
Roll = 3.224854, Pitch = -62.406716, Yaw = 158.258746
Roll = 3.783915, Pitch = -62.688535, Yaw = 157.024737
Roll = 3.783915, Pitch = -62.688535, Yaw = 157.024737
Roll = 4.280727, Pitch = -62.928296, Yaw = 155.862902
Roll = 4.280727, Pitch = -62.928296, Yaw = 155.862902
Roll = 4.564574, Pitch = -63.128270, Yaw = 154.938494
Roll = 4.564574, Pitch = -63.128270, Yaw = 154.938494
Roll = 4.559538, Pitch = -63.272470, Yaw = 154.338870
Roll = 4.559538, Pitch = -63.272470, Yaw = 154.338870
Roll = 4.254997, Pitch = -63.339460, Yaw = 154.092395
Roll = 4.254997, Pitch = -63.339460, Yaw = 154.092395
Roll = 3.746615, Pitch = -63.326013, Yaw = 154.114794
Roll = 3.746615, Pitch = -63.326013, Yaw = 154.114794
Roll = 3.128253, Pitch = -63.260675, Yaw = 154.280352
Roll = 3.128253, Pitch = -63.260675, Yaw = 154.280352
Roll = 2.493373, Pitch = -63.160203, Yaw = 154.502719
Roll = 2.493373, Pitch = -63.160203, Yaw = 154.502719
Roll = 1.935256, Pitch = -63.039937, Yaw = 154.700503
Roll = 1.935256, Pitch = -63.039937, Yaw = 154.700503
Roll = 1.540717, Pitch = -62.912969, Yaw = 154.787295
Roll = 1.540717, Pitch = -62.912969, Yaw = 154.787295
Roll = 1.318818, Pitch = -62.797773, Yaw = 154.732470
Roll = 1.318818, Pitch = -62.797773, Yaw = 154.732470
Roll = 1.273294, Pitch = -62.691342, Yaw = 154.500308
Roll = 1.273294, Pitch = -62.691342, Yaw = 154.500308
Roll = 1.406279, Pitch = -62.584649, Yaw = 154.075671
Roll = 1.406279, Pitch = -62.584649, Yaw = 154.075671
Roll = 1.662306, Pitch = -62.459119, Yaw = 153.505511
Roll = 1.662306, Pitch = -62.459119, Yaw = 153.505511
Roll = 1.951537, Pitch = -62.260675, Yaw = 152.821490
Roll = 1.951537, Pitch = -62.260675, Yaw = 152.821490
Roll = 2.168764, Pitch = -61.910108, Yaw = 152.011813
Roll = 2.168764, Pitch = -61.910108, Yaw = 152.011813
Roll = 2.197577, Pitch = -61.425916, Yaw = 151.297457
